ctime,datname,pid,usesysid,usename,application_name,client_addr,client_port,backend_start,xact_start,query_start,waiting,query,state,state_change
1430777316.6015,dbt2,39037,10,mark,dbt2-client,,-1,2015-05-04 23:08:35.328219+01,,2015-05-04 23:08:36.569495+01,f,COMMIT,idle,2015-05-04 23:08:36.571919+01
1430777316.6015,dbt2,39039,10,mark,dbt2-client,,-1,2015-05-04 23:08:35.428054+01,,2015-05-04 23:08:36.572953+01,f,COMMIT,idle,2015-05-04 23:08:36.578349+01
1430777316.6015,dbt2,39041,10,mark,dbt2-client,,-1,2015-05-04 23:08:35.528229+01,2015-05-04 23:08:36.573817+01,2015-05-04 23:08:36.581703+01,f,COMMIT,active,2015-05-04 23:08:36.581703+01
1430777316.6015,dbt2,39043,10,mark,dbt2-client,,-1,2015-05-04 23:08:35.628356+01,,2015-05-04 23:08:36.589888+01,f,COMMIT,idle,2015-05-04 23:08:36.601283+01
1430777316.6015,dbt2,39045,10,mark,dbt2-client,,-1,2015-05-04 23:08:35.728427+01,,2015-05-04 23:08:36.530059+01,f,COMMIT,idle,2015-05-04 23:08:36.540492+01
1430777316.6015,dbt2,39047,10,mark,dbt2-client,,-1,2015-05-04 23:08:35.82855+01,,2015-05-04 23:08:36.540536+01,f,COMMIT,idle,2015-05-04 23:08:36.544714+01
1430777316.6015,dbt2,39049,10,mark,dbt2-client,,-1,2015-05-04 23:08:35.928715+01,,2015-05-04 23:08:36.545834+01,f,COMMIT,idle,2015-05-04 23:08:36.560232+01
1430777316.6015,dbt2,39051,10,mark,dbt2-client,,-1,2015-05-04 23:08:36.028877+01,,2015-05-04 23:08:36.549464+01,f,COMMIT,idle,2015-05-04 23:08:36.549516+01
1430777316.6015,dbt2,39053,10,mark,dbt2-client,,-1,2015-05-04 23:08:36.129021+01,,2015-05-04 23:08:36.562979+01,f,COMMIT,idle,2015-05-04 23:08:36.569429+01
1430777316.6015,dbt2,39055,10,mark,dbt2-client,,-1,2015-05-04 23:08:36.229189+01,,2015-05-04 23:08:36.555881+01,f,COMMIT,idle,2015-05-04 23:08:36.564793+01
1430777316.6015,dbt2,39064,10,mark,dbt2-client,,-1,2015-05-04 23:08:36.329476+01,,2015-05-04 23:08:36.567925+01,f,COMMIT,idle,2015-05-04 23:08:36.571938+01
1430777316.6015,dbt2,39160,10,mark,dbt2-client,,-1,2015-05-04 23:08:36.532068+01,,,f,"",idle,2015-05-04 23:08:36.533664+01
1430777316.6015,dbt2,39126,10,mark,dbt2-client,,-1,2015-05-04 23:08:36.437194+01,2015-05-04 23:08:36.5888+01,2015-05-04 23:08:36.590136+01,f,COMMIT,active,2015-05-04 23:08:36.590137+01
1430777316.6015,dbt2,39182,10,mark,psql,,-1,2015-05-04 23:08:36.59339+01,2015-05-04 23:08:36.595418+01,2015-05-04 23:08:36.595418+01,f,"COPY (SELECT EXTRACT(EPOCH FROM TRANSACTION_TIMESTAMP()) AS ctime, a.schemaname, a.relname, a.indexrelname, idx_scan, idx_tup_read, idx_tup_fetch, idx_blks_read, idx_blks_hit FROM pg_stat_all_indexes a, pg_statio_all_indexes b WHERE a.indexrelid = b.indexrelid) TO STDOUT (FORMAT CSV, HEADER);",active,2015-05-04 23:08:36.595423+01
1430777316.6015,dbt2,39183,10,mark,psql,,-1,2015-05-04 23:08:36.595727+01,2015-05-04 23:08:36.597394+01,2015-05-04 23:08:36.597394+01,f,"COPY (SELECT EXTRACT(EPOCH FROM TRANSACTION_TIMESTAMP()) AS ctime, datname, numbackends, xact_commit, xact_rollback, blks_read, blks_hit, tup_returned, tup_fetched, tup_inserted, tup_updated, tup_deleted FROM pg_stat_database) TO STDOUT (FORMAT CSV, HEADER);",active,2015-05-04 23:08:36.597399+01
1430777316.6015,dbt2,39186,10,mark,psql,,-1,2015-05-04 23:08:36.599485+01,2015-05-04 23:08:36.601495+01,2015-05-04 23:08:36.601495+01,f,"COPY (SELECT EXTRACT(EPOCH FROM TRANSACTION_TIMESTAMP()) AS ctime, datname, pid, usesysid, usename, application_name, client_addr, client_port, backend_start, xact_start, query_start, waiting, query , state, state_change FROM pg_stat_activity) TO STDOUT (FORMAT CSV, HEADER);",active,2015-05-04 23:08:36.601501+01
1430777376.62714,dbt2,39037,10,mark,dbt2-client,,-1,2015-05-04 23:08:35.328219+01,2015-05-04 23:09:36.607225+01,2015-05-04 23:09:36.609126+01,t,FETCH ALL IN mycursor,active,2015-05-04 23:09:36.609127+01
1430777376.62714,dbt2,39039,10,mark,dbt2-client,,-1,2015-05-04 23:08:35.428054+01,2015-05-04 23:09:36.604473+01,2015-05-04 23:09:36.604657+01,t,FETCH ALL IN mycursor,active,2015-05-04 23:09:36.604657+01
1430777376.62714,dbt2,39041,10,mark,dbt2-client,,-1,2015-05-04 23:08:35.528229+01,2015-05-04 23:09:36.565026+01,2015-05-04 23:09:36.565059+01,t,"SELECT payment(2, 4, 1016, 2, 4, '', 4889.220000)",active,2015-05-04 23:09:36.565059+01
1430777376.62714,dbt2,39043,10,mark,dbt2-client,,-1,2015-05-04 23:08:35.628356+01,2015-05-04 23:09:36.611444+01,2015-05-04 23:09:36.611648+01,t,FETCH ALL IN mycursor,active,2015-05-04 23:09:36.611649+01
1430777376.62714,dbt2,39045,10,mark,dbt2-client,,-1,2015-05-04 23:08:35.728427+01,2015-05-04 23:09:36.608995+01,2015-05-04 23:09:36.610606+01,f,COMMIT,active,2015-05-04 23:09:36.610606+01
1430777376.62714,dbt2,39047,10,mark,dbt2-client,,-1,2015-05-04 23:08:35.82855+01,2015-05-04 23:09:36.589125+01,2015-05-04 23:09:36.589165+01,t,"SELECT payment(2, 5, 2046, 2, 5, '', 2546.640000)",active,2015-05-04 23:09:36.589166+01
1430777376.62714,dbt2,39049,10,mark,dbt2-client,,-1,2015-05-04 23:08:35.928715+01,2015-05-04 23:09:36.566693+01,2015-05-04 23:09:36.566726+01,t,"SELECT payment(1, 10, 504, 1, 9, '', 4705.480000)",active,2015-05-04 23:09:36.566726+01
1430777376.62714,dbt2,39051,10,mark,dbt2-client,,-1,2015-05-04 23:08:36.028877+01,2015-05-04 23:09:36.589106+01,2015-05-04 23:09:36.589317+01,t,"SELECT payment(2, 1, 0, 2, 1, 'CALLYANTICALLY', 3335.510000)",active,2015-05-04 23:09:36.589317+01
1430777376.62714,dbt2,39053,10,mark,dbt2-client,,-1,2015-05-04 23:08:36.129021+01,2015-05-04 23:09:36.596052+01,2015-05-04 23:09:36.613384+01,f,COMMIT,active,2015-05-04 23:09:36.613385+01
1430777376.62714,dbt2,39055,10,mark,dbt2-client,,-1,2015-05-04 23:08:36.229189+01,2015-05-04 23:09:36.518387+01,2015-05-04 23:09:36.518431+01,t,"SELECT payment(1, 3, 992, 1, 3, '', 3510.050000)",active,2015-05-04 23:09:36.518432+01
1430777376.62714,dbt2,39064,10,mark,dbt2-client,,-1,2015-05-04 23:08:36.329476+01,2015-05-04 23:09:36.493537+01,2015-05-04 23:09:36.49561+01,t,"SELECT payment(1, 4, 0, 1, 4, 'CALLYPRIEING', 3226.080000)",active,2015-05-04 23:09:36.495611+01
1430777376.62714,dbt2,39160,10,mark,dbt2-client,,-1,2015-05-04 23:08:36.532068+01,2015-05-04 23:09:36.605713+01,2015-05-04 23:09:36.608955+01,f,COMMIT,active,2015-05-04 23:09:36.608955+01
1430777376.62714,dbt2,39126,10,mark,dbt2-client,,-1,2015-05-04 23:08:36.437194+01,2015-05-04 23:09:36.550542+01,2015-05-04 23:09:36.61137+01,f,COMMIT,active,2015-05-04 23:09:36.611371+01
1430777376.62714,dbt2,39188,10,mark,dbt2-client,,-1,2015-05-04 23:08:36.632254+01,2015-05-04 23:09:36.557994+01,2015-05-04 23:09:36.558015+01,t,"SELECT payment(2, 5, 0, 2, 5, 'OUGHTABLECALLY', 1255.140000)",active,2015-05-04 23:09:36.558016+01
1430777376.62714,dbt2,39192,10,mark,dbt2-client,,-1,2015-05-04 23:08:36.732354+01,2015-05-04 23:09:36.596138+01,2015-05-04 23:09:36.596423+01,t,"SELECT payment(1, 2, 0, 1, 2, 'CALLYABLECALLY', 1541.900000)",active,2015-05-04 23:09:36.596424+01
1430777376.62714,dbt2,39196,10,mark,dbt2-client,,-1,2015-05-04 23:08:36.835902+01,2015-05-04 23:09:36.555514+01,2015-05-04 23:09:36.609347+01,f,COMMIT,active,2015-05-04 23:09:36.609348+01
1430777376.62714,dbt2,39200,10,mark,dbt2-client,,-1,2015-05-04 23:08:36.934594+01,2015-05-04 23:09:36.532301+01,2015-05-04 23:09:36.532331+01,t,"SELECT payment(1, 1, 0, 1, 1, 'ATIONANTIABLE', 290.900000)",active,2015-05-04 23:09:36.532332+01
1430777376.62714,dbt2,39204,10,mark,dbt2-client,,-1,2015-05-04 23:08:37.038369+01,2015-05-04 23:09:36.607201+01,2015-05-04 23:09:36.612428+01,f,COMMIT,active,2015-05-04 23:09:36.61243+01
1430777376.62714,dbt2,39209,10,mark,dbt2-client,,-1,2015-05-04 23:08:37.136517+01,2015-05-04 23:09:36.605737+01,2015-05-04 23:09:36.610564+01,f,COMMIT,active,2015-05-04 23:09:36.610564+01
1430777376.62714,dbt2,39213,10,mark,dbt2-client,,-1,2015-05-04 23:08:37.236994+01,2015-05-04 23:09:36.589746+01,2015-05-04 23:09:36.589774+01,t,"SELECT payment(1, 2, 0, 1, 2, 'ABLEPRIOUGHT', 1796.760000)",active,2015-05-04 23:09:36.589774+01
1430777376.62714,dbt2,39264,10,mark,psql,,-1,2015-05-04 23:09:36.610699+01,,2015-05-04 23:09:36.623967+01,f,"COPY (SELECT EXTRACT(EPOCH FROM TRANSACTION_TIMESTAMP()) AS ctime, relname, pid, mode, granted FROM pg_locks, pg_class WHERE relfilenode = relation ORDER BY relname) TO STDOUT (FORMAT CSV);",idle,2015-05-04 23:09:36.627115+01
1430777376.62714,dbt2,39267,10,mark,psql,,-1,2015-05-04 23:09:36.612529+01,2015-05-04 23:09:36.617849+01,2015-05-04 23:09:36.617849+01,f,"COPY (SELECT EXTRACT(EPOCH FROM TRANSACTION_TIMESTAMP()) AS ctime, a.schemaname, a.relname, seq_scan, seq_tup_read, idx_scan, idx_tup_fetch, n_tup_ins, n_tup_upd, n_tup_del, n_tup_hot_upd, n_live_tup, n_dead_tup, heap_blks_read, heap_blks_hit, idx_blks_read, idx_blks_hit, toast_blks_read, toast_blks_hit, tidx_blks_read, tidx_blks_hit FROM pg_statio_all_tables a, pg_stat_all_tables b WHERE a.relid = b.relid) TO STDOUT (FORMAT CSV);",active,2015-05-04 23:09:36.617856+01
1430777376.62714,dbt2,39266,10,mark,psql,,-1,2015-05-04 23:09:36.613221+01,2015-05-04 23:09:36.627466+01,2015-05-04 23:09:36.627466+01,f,"COPY (SELECT EXTRACT(EPOCH FROM TRANSACTION_TIMESTAMP()) AS ctime, datname, numbackends, xact_commit, xact_rollback, blks_read, blks_hit, tup_returned, tup_fetched, tup_inserted, tup_updated, tup_deleted FROM pg_stat_database) TO STDOUT (FORMAT CSV);",active,2015-05-04 23:09:36.627473+01
1430777376.62714,dbt2,39265,10,mark,psql,,-1,2015-05-04 23:09:36.613481+01,2015-05-04 23:09:36.620431+01,2015-05-04 23:09:36.620431+01,f,"COPY (SELECT EXTRACT(EPOCH FROM TRANSACTION_TIMESTAMP()) AS ctime, a.schemaname, a.relname, a.indexrelname, idx_scan, idx_tup_read, idx_tup_fetch, idx_blks_read, idx_blks_hit FROM pg_stat_all_indexes a, pg_statio_all_indexes b WHERE a.indexrelid = b.indexrelid) TO STDOUT (FORMAT CSV);",active,2015-05-04 23:09:36.620436+01
1430777376.62714,dbt2,39263,10,mark,psql,,-1,2015-05-04 23:09:36.614191+01,2015-05-04 23:09:36.627138+01,2015-05-04 23:09:36.627138+01,f,"COPY (SELECT EXTRACT(EPOCH FROM TRANSACTION_TIMESTAMP()) AS ctime, datname, pid, usesysid, usename, application_name, client_addr, client_port, backend_start, xact_start, query_start, waiting, query , state, state_change FROM pg_stat_activity) TO STDOUT (FORMAT CSV);",active,2015-05-04 23:09:36.627144+01
1430777436.64056,dbt2,39037,10,mark,dbt2-client,,-1,2015-05-04 23:08:35.328219+01,2015-05-04 23:10:36.592024+01,2015-05-04 23:10:36.592054+01,t,"SELECT payment(2, 6, 0, 2, 6, 'CALLYPRESPRI', 1393.850000)",active,2015-05-04 23:10:36.592055+01
1430777436.64056,dbt2,39039,10,mark,dbt2-client,,-1,2015-05-04 23:08:35.428054+01,,2015-05-04 23:10:36.637142+01,f,COMMIT,idle,2015-05-04 23:10:36.641947+01
1430777436.64056,dbt2,39041,10,mark,dbt2-client,,-1,2015-05-04 23:08:35.528229+01,2015-05-04 23:10:36.530605+01,2015-05-04 23:10:36.530634+01,t,"SELECT payment(1, 9, 951, 1, 9, '', 255.010000)",active,2015-05-04 23:10:36.530634+01
1430777436.64056,dbt2,39043,10,mark,dbt2-client,,-1,2015-05-04 23:08:35.628356+01,2015-05-04 23:10:36.633346+01,2015-05-04 23:10:36.637311+01,f,COMMIT,active,2015-05-04 23:10:36.637311+01
1430777436.64056,dbt2,39045,10,mark,dbt2-client,,-1,2015-05-04 23:08:35.728427+01,2015-05-04 23:10:36.608415+01,2015-05-04 23:10:36.608595+01,t,"SELECT payment(2, 3, 0, 2, 3, 'CALLYANTIABLE', 2498.200000)",active,2015-05-04 23:10:36.608596+01
1430777436.64056,dbt2,39047,10,mark,dbt2-client,,-1,2015-05-04 23:08:35.82855+01,2015-05-04 23:10:36.566525+01,2015-05-04 23:10:36.566617+01,t,"SELECT payment(2, 2, 0, 2, 2, 'PRESEINGPRI', 2928.580000)",active,2015-05-04 23:10:36.566619+01
1430777436.64056,dbt2,39049,10,mark,dbt2-client,,-1,2015-05-04 23:08:35.928715+01,2015-05-04 23:10:36.566028+01,2015-05-04 23:10:36.566065+01,t,"SELECT payment(1, 1, 0, 1, 2, 'CALLYPRIESE', 4223.930000)",active,2015-05-04 23:10:36.566065+01
1430777436.64056,dbt2,39051,10,mark,dbt2-client,,-1,2015-05-04 23:08:36.028877+01,2015-05-04 23:10:36.586992+01,2015-05-04 23:10:36.587239+01,t,"SELECT payment(1, 1, 0, 1, 1, 'EINGATIONPRI', 577.810000)",active,2015-05-04 23:10:36.587239+01
1430777436.64056,dbt2,39053,10,mark,dbt2-client,,-1,2015-05-04 23:08:36.129021+01,2015-05-04 23:10:36.607784+01,2015-05-04 23:10:36.607951+01,t,"SELECT payment(1, 5, 72, 1, 5, '', 918.920000)",active,2015-05-04 23:10:36.607951+01
1430777436.64056,dbt2,39055,10,mark,dbt2-client,,-1,2015-05-04 23:08:36.229189+01,2015-05-04 23:10:36.633354+01,2015-05-04 23:10:36.638077+01,f,COMMIT,active,2015-05-04 23:10:36.638078+01
1430777436.64056,dbt2,39064,10,mark,dbt2-client,,-1,2015-05-04 23:08:36.329476+01,2015-05-04 23:10:36.608434+01,2015-05-04 23:10:36.60875+01,t,"SELECT payment(1, 2, 591, 1, 2, '', 477.790000)",active,2015-05-04 23:10:36.608751+01
1430777436.64056,dbt2,39160,10,mark,dbt2-client,,-1,2015-05-04 23:08:36.532068+01,2015-05-04 23:10:36.633081+01,2015-05-04 23:10:36.637276+01,f,COMMIT,active,2015-05-04 23:10:36.637276+01
1430777436.64056,dbt2,39126,10,mark,dbt2-client,,-1,2015-05-04 23:08:36.437194+01,2015-05-04 23:10:36.566378+01,2015-05-04 23:10:36.566419+01,t,"SELECT payment(1, 7, 0, 1, 5, 'PRESEINGESE', 2845.000000)",active,2015-05-04 23:10:36.566419+01
1430777436.64056,dbt2,39188,10,mark,dbt2-client,,-1,2015-05-04 23:08:36.632254+01,2015-05-04 23:10:36.633293+01,2015-05-04 23:10:36.633372+01,t,"SELECT payment(1, 5, 0, 1, 5, 'PRIOUGHTBAR', 1595.870000)",active,2015-05-04 23:10:36.633373+01
1430777436.64056,dbt2,39192,10,mark,dbt2-client,,-1,2015-05-04 23:08:36.732354+01,2015-05-04 23:10:36.635237+01,2015-05-04 23:10:36.636979+01,t,"SELECT payment(2, 1, 0, 2, 1, 'CALLYPRIOUGHT', 3402.470000)",active,2015-05-04 23:10:36.636979+01
1430777436.64056,dbt2,39196,10,mark,dbt2-client,,-1,2015-05-04 23:08:36.835902+01,2015-05-04 23:10:36.530376+01,2015-05-04 23:10:36.637225+01,f,COMMIT,active,2015-05-04 23:10:36.637226+01
1430777436.64056,dbt2,39200,10,mark,dbt2-client,,-1,2015-05-04 23:08:36.934594+01,2015-05-04 23:10:36.566542+01,2015-05-04 23:10:36.566778+01,t,"SELECT payment(2, 9, 0, 2, 9, 'PRESATIONEING', 1712.000000)",active,2015-05-04 23:10:36.566779+01
1430777436.64056,dbt2,39204,10,mark,dbt2-client,,-1,2015-05-04 23:08:37.038369+01,2015-05-04 23:10:36.633791+01,2015-05-04 23:10:36.638965+01,f,COMMIT,active,2015-05-04 23:10:36.638966+01
1430777436.64056,dbt2,39209,10,mark,dbt2-client,,-1,2015-05-04 23:08:37.136517+01,2015-05-04 23:10:36.540081+01,2015-05-04 23:10:36.540288+01,t,"SELECT payment(2, 3, 928, 2, 3, '', 163.520000)",active,2015-05-04 23:10:36.540288+01
1430777436.64056,dbt2,39213,10,mark,dbt2-client,,-1,2015-05-04 23:08:37.236994+01,2015-05-04 23:10:36.633324+01,2015-05-04 23:10:36.634995+01,f,FETCH ALL IN mycursor,active,2015-05-04 23:10:36.634996+01
1430777436.64056,dbt2,39294,10,mark,psql,,-1,2015-05-04 23:10:36.638886+01,2015-05-04 23:10:36.640561+01,2015-05-04 23:10:36.640561+01,f,"COPY (SELECT EXTRACT(EPOCH FROM TRANSACTION_TIMESTAMP()) AS ctime, datname, pid, usesysid, usename, application_name, client_addr, client_port, backend_start, xact_start, query_start, waiting, query , state, state_change FROM pg_stat_activity) TO STDOUT (FORMAT CSV);",active,2015-05-04 23:10:36.640567+01
1430777496.62424,dbt2,39037,10,mark,dbt2-client,,-1,2015-05-04 23:08:35.328219+01,2015-05-04 23:11:36.515987+01,2015-05-04 23:11:36.516208+01,t,"SELECT payment(1, 6, 0, 1, 6, 'CALLYESEEING', 3663.140000)",active,2015-05-04 23:11:36.516209+01
1430777496.62424,dbt2,39039,10,mark,dbt2-client,,-1,2015-05-04 23:08:35.428054+01,2015-05-04 23:11:36.587201+01,2015-05-04 23:11:36.587256+01,t,"SELECT payment(2, 3, 0, 2, 3, 'ABLEPRESPRI', 4819.470000)",active,2015-05-04 23:11:36.587256+01
1430777496.62424,dbt2,39041,10,mark,dbt2-client,,-1,2015-05-04 23:08:35.528229+01,2015-05-04 23:11:36.610893+01,2015-05-04 23:11:36.612236+01,f,COMMIT,active,2015-05-04 23:11:36.612236+01
1430777496.62424,dbt2,39043,10,mark,dbt2-client,,-1,2015-05-04 23:08:35.628356+01,2015-05-04 23:11:36.603587+01,2015-05-04 23:11:36.607012+01,f,COMMIT,active,2015-05-04 23:11:36.607012+01
1430777496.62424,dbt2,39045,10,mark,dbt2-client,,-1,2015-05-04 23:08:35.728427+01,2015-05-04 23:11:36.491393+01,2015-05-04 23:11:36.491418+01,t,"SELECT payment(1, 5, 2302, 1, 5, '', 4697.930000)",active,2015-05-04 23:11:36.491418+01
1430777496.62424,dbt2,39047,10,mark,dbt2-client,,-1,2015-05-04 23:08:35.82855+01,2015-05-04 23:11:36.545846+01,2015-05-04 23:11:36.545878+01,t,"SELECT payment(1, 8, 0, 1, 1, 'CALLYPRESESE', 1851.250000)",active,2015-05-04 23:11:36.545878+01
1430777496.62424,dbt2,39049,10,mark,dbt2-client,,-1,2015-05-04 23:08:35.928715+01,2015-05-04 23:11:36.606684+01,2015-05-04 23:11:36.606713+01,t,"SELECT payment(2, 10, 0, 1, 5, 'ABLEABLEESE', 2968.770000)",active,2015-05-04 23:11:36.606713+01
1430777496.62424,dbt2,39051,10,mark,dbt2-client,,-1,2015-05-04 23:08:36.028877+01,2015-05-04 23:11:36.548196+01,2015-05-04 23:11:36.548222+01,t,"SELECT payment(2, 6, 2144, 2, 6, '', 917.740000)",active,2015-05-04 23:11:36.548222+01
1430777496.62424,dbt2,39053,10,mark,dbt2-client,,-1,2015-05-04 23:08:36.129021+01,2015-05-04 23:11:36.5932+01,2015-05-04 23:11:36.593368+01,t,"SELECT payment(2, 5, 512, 2, 5, '', 1583.290000)",active,2015-05-04 23:11:36.593368+01
1430777496.62424,dbt2,39055,10,mark,dbt2-client,,-1,2015-05-04 23:08:36.229189+01,2015-05-04 23:11:36.591951+01,2015-05-04 23:11:36.591982+01,t,"SELECT payment(1, 4, 0, 1, 4, 'ABLEPRESCALLY', 3366.820000)",active,2015-05-04 23:11:36.591982+01
1430777496.62424,dbt2,39064,10,mark,dbt2-client,,-1,2015-05-04 23:08:36.329476+01,2015-05-04 23:11:36.603641+01,2015-05-04 23:11:36.607545+01,f,COMMIT,active,2015-05-04 23:11:36.607545+01
1430777496.62424,dbt2,39160,10,mark,dbt2-client,,-1,2015-05-04 23:08:36.532068+01,2015-05-04 23:11:36.528337+01,2015-05-04 23:11:36.528374+01,t,"SELECT payment(2, 6, 0, 2, 6, 'ANTIPRIEING', 2098.240000)",active,2015-05-04 23:11:36.528374+01
1430777496.62424,dbt2,39126,10,mark,dbt2-client,,-1,2015-05-04 23:08:36.437194+01,2015-05-04 23:11:36.564771+01,2015-05-04 23:11:36.564799+01,t,"SELECT payment(1, 8, 0, 1, 8, 'BARBARESE', 3265.590000)",active,2015-05-04 23:11:36.564799+01
1430777496.62424,dbt2,39188,10,mark,dbt2-client,,-1,2015-05-04 23:08:36.632254+01,2015-05-04 23:11:36.515868+01,2015-05-04 23:11:36.606938+01,f,COMMIT,active,2015-05-04 23:11:36.606939+01
1430777496.62424,dbt2,39192,10,mark,dbt2-client,,-1,2015-05-04 23:08:36.732354+01,2015-05-04 23:11:36.566846+01,2015-05-04 23:11:36.566873+01,t,"SELECT payment(1, 3, 1536, 1, 3, '', 3327.080000)",active,2015-05-04 23:11:36.566873+01
1430777496.62424,dbt2,39196,10,mark,dbt2-client,,-1,2015-05-04 23:08:36.835902+01,2015-05-04 23:11:36.594853+01,2015-05-04 23:11:36.606876+01,f,COMMIT,active,2015-05-04 23:11:36.606876+01
1430777496.62424,dbt2,39200,10,mark,dbt2-client,,-1,2015-05-04 23:08:36.934594+01,2015-05-04 23:11:36.564683+01,2015-05-04 23:11:36.564841+01,t,"SELECT payment(2, 9, 0, 2, 9, 'ANTIANTIEING', 2336.740000)",active,2015-05-04 23:11:36.564842+01
1430777496.62424,dbt2,39204,10,mark,dbt2-client,,-1,2015-05-04 23:08:37.038369+01,2015-05-04 23:11:36.60551+01,2015-05-04 23:11:36.606923+01,f,COMMIT,active,2015-05-04 23:11:36.606923+01
1430777496.62424,dbt2,39209,10,mark,dbt2-client,,-1,2015-05-04 23:08:37.136517+01,2015-05-04 23:11:36.554304+01,2015-05-04 23:11:36.554369+01,t,"SELECT payment(2, 10, 0, 1, 9, 'ESEBAROUGHT', 116.060000)",active,2015-05-04 23:11:36.554369+01
1430777496.62424,dbt2,39213,10,mark,dbt2-client,,-1,2015-05-04 23:08:37.236994+01,2015-05-04 23:11:36.592988+01,2015-05-04 23:11:36.606959+01,f,COMMIT,active,2015-05-04 23:11:36.606959+01
1430777496.62424,dbt2,39319,10,mark,psql,,-1,2015-05-04 23:11:36.614744+01,,2015-05-04 23:11:36.618635+01,f,"COPY (SELECT EXTRACT(EPOCH FROM TRANSACTION_TIMESTAMP()) AS ctime, relname, pid, mode, granted FROM pg_locks, pg_class WHERE relfilenode = relation ORDER BY relname) TO STDOUT (FORMAT CSV);",idle,2015-05-04 23:11:36.622128+01
1430777496.62424,dbt2,39321,10,mark,psql,,-1,2015-05-04 23:11:36.616813+01,2015-05-04 23:11:36.621506+01,2015-05-04 23:11:36.621506+01,f,"COPY (SELECT EXTRACT(EPOCH FROM TRANSACTION_TIMESTAMP()) AS ctime, a.schemaname, a.relname, seq_scan, seq_tup_read, idx_scan, idx_tup_fetch, n_tup_ins, n_tup_upd, n_tup_del, n_tup_hot_upd, n_live_tup, n_dead_tup, heap_blks_read, heap_blks_hit, idx_blks_read, idx_blks_hit, toast_blks_read, toast_blks_hit, tidx_blks_read, tidx_blks_hit FROM pg_statio_all_tables a, pg_stat_all_tables b WHERE a.relid = b.relid) TO STDOUT (FORMAT CSV);",active,2015-05-04 23:11:36.621513+01
1430777496.62424,dbt2,39320,10,mark,psql,,-1,2015-05-04 23:11:36.617744+01,2015-05-04 23:11:36.619581+01,2015-05-04 23:11:36.619581+01,f,"COPY (SELECT EXTRACT(EPOCH FROM TRANSACTION_TIMESTAMP()) AS ctime, datname, numbackends, xact_commit, xact_rollback, blks_read, blks_hit, tup_returned, tup_fetched, tup_inserted, tup_updated, tup_deleted FROM pg_stat_database) TO STDOUT (FORMAT CSV);",active,2015-05-04 23:11:36.619587+01
1430777496.62424,dbt2,39323,10,mark,psql,,-1,2015-05-04 23:11:36.622502+01,2015-05-04 23:11:36.624236+01,2015-05-04 23:11:36.624236+01,f,"COPY (SELECT EXTRACT(EPOCH FROM TRANSACTION_TIMESTAMP()) AS ctime, datname, pid, usesysid, usename, application_name, client_addr, client_port, backend_start, xact_start, query_start, waiting, query , state, state_change FROM pg_stat_activity) TO STDOUT (FORMAT CSV);",active,2015-05-04 23:11:36.62424+01
1430777556.63684,dbt2,39037,10,mark,dbt2-client,,-1,2015-05-04 23:08:35.328219+01,2015-05-04 23:12:36.55861+01,2015-05-04 23:12:36.558645+01,t,"SELECT payment(2, 6, 0, 2, 6, 'CALLYANTIESE', 2999.860000)",active,2015-05-04 23:12:36.558645+01
1430777556.63684,dbt2,39039,10,mark,dbt2-client,,-1,2015-05-04 23:08:35.428054+01,2015-05-04 23:12:36.638295+01,2015-05-04 23:12:36.638745+01,f,FETCH ALL IN mycursor,active,2015-05-04 23:12:36.638745+01
1430777556.63684,dbt2,39041,10,mark,dbt2-client,,-1,2015-05-04 23:08:35.528229+01,2015-05-04 23:12:36.632601+01,2015-05-04 23:12:36.63323+01,t,"SELECT payment(1, 2, 0, 1, 2, 'PRESPRESCALLY', 2786.510000)",active,2015-05-04 23:12:36.633231+01
1430777556.63684,dbt2,39043,10,mark,dbt2-client,,-1,2015-05-04 23:08:35.628356+01,2015-05-04 23:12:36.574825+01,2015-05-04 23:12:36.578012+01,t,"SELECT payment(2, 10, 0, 2, 10, 'OUGHTOUGHTBAR', 44.280000)",active,2015-05-04 23:12:36.578013+01
1430777556.63684,dbt2,39045,10,mark,dbt2-client,,-1,2015-05-04 23:08:35.728427+01,2015-05-04 23:12:36.619643+01,2015-05-04 23:12:36.619677+01,t,"SELECT payment(1, 8, 1859, 1, 1, '', 4052.500000)",active,2015-05-04 23:12:36.619677+01
1430777556.63684,dbt2,39047,10,mark,dbt2-client,,-1,2015-05-04 23:08:35.82855+01,2015-05-04 23:12:36.567601+01,2015-05-04 23:12:36.634283+01,f,COMMIT,active,2015-05-04 23:12:36.634284+01
1430777556.63684,dbt2,39049,10,mark,dbt2-client,,-1,2015-05-04 23:08:35.928715+01,2015-05-04 23:12:36.638233+01,2015-05-04 23:12:36.638338+01,f,"DECLARE mycursor CURSOR FOR SELECT new_order(1, 5, 765, 1, 10, make_new_order_info(73279, 1, 7), make_new_order_info(91832, 1, 2), make_new_order_info(25596, 1, 7), make_new_order_info(72190, 1, 3), make_new_order_info(89084, 1, 10), make_new_order_info(21968, 1, 5), make_new_order_info(49088, 1, 9), make_new_order_info(73198, 1, 3), make_new_order_info(23152, 1, 7), make_new_order_info(89520, 1, 8), make_new_order_info(0, 0, 0), make_new_order_info(0, 0, 0), make_new_order_info(0, 0, 0), make_new_order_info(0, 0, 0), make_new_order_info(0, 0, 0) )",idle in transaction,2015-05-04 23:12:36.638465+01
1430777556.63684,dbt2,39051,10,mark,dbt2-client,,-1,2015-05-04 23:08:36.028877+01,2015-05-04 23:12:36.622636+01,2015-05-04 23:12:36.622664+01,t,"SELECT payment(1, 5, 0, 1, 5, 'CALLYBARPRI', 890.610000)",active,2015-05-04 23:12:36.622664+01
1430777556.63684,dbt2,39053,10,mark,dbt2-client,,-1,2015-05-04 23:08:36.129021+01,2015-05-04 23:12:36.591436+01,2015-05-04 23:12:36.59147+01,f,"SELECT payment(1, 1, 0, 1, 1, 'ABLEPRESCALLY', 873.680000)",idle in transaction,2015-05-04 23:12:36.637987+01
1430777556.63684,dbt2,39055,10,mark,dbt2-client,,-1,2015-05-04 23:08:36.229189+01,2015-05-04 23:12:36.619532+01,2015-05-04 23:12:36.620424+01,t,"SELECT payment(1, 3, 2934, 1, 3, '', 1721.810000)",active,2015-05-04 23:12:36.620425+01
1430777556.63684,dbt2,39064,10,mark,dbt2-client,,-1,2015-05-04 23:08:36.329476+01,2015-05-04 23:12:36.555681+01,2015-05-04 23:12:36.557414+01,t,"SELECT payment(2, 3, 0, 2, 3, 'ABLEPRIOUGHT', 4297.400000)",active,2015-05-04 23:12:36.557415+01
1430777556.63684,dbt2,39160,10,mark,dbt2-client,,-1,2015-05-04 23:08:36.532068+01,2015-05-04 23:12:36.638473+01,2015-05-04 23:12:36.638623+01,f,"DECLARE mycursor CURSOR FOR SELECT new_order(2, 6, 2724, 1, 10, make_new_order_info(15360, 2, 6), make_new_order_info(48891, 2, 10), make_new_order_info(50426, 2, 2), make_new_order_info(57312, 2, 10), make_new_order_info(52581, 2, 7), make_new_order_info(65471, 2, 9), make_new_order_info(97768, 2, 8), make_new_order_info(15868, 2, 10), make_new_order_info(23552, 2, 6), make_new_order_info(55277, 2, 1), make_new_order_info(0, 0, 0), make_new_order_info(0, 0, 0), make_new_order_info(0, 0, 0), make_new_order_info(0, 0, 0), make_new_order_info(0, 0, 0) )",idle in transaction,2015-05-04 23:12:36.638728+01
1430777556.63684,dbt2,39126,10,mark,dbt2-client,,-1,2015-05-04 23:08:36.437194+01,2015-05-04 23:12:36.61965+01,2015-05-04 23:12:36.620636+01,t,"SELECT payment(2, 5, 254, 2, 5, '', 916.960000)",active,2015-05-04 23:12:36.620636+01
1430777556.63684,dbt2,39188,10,mark,dbt2-client,,-1,2015-05-04 23:08:36.632254+01,2015-05-04 23:12:36.633116+01,2015-05-04 23:12:36.633327+01,t,FETCH ALL IN mycursor,active,2015-05-04 23:12:36.633328+01
1430777556.63684,dbt2,39192,10,mark,dbt2-client,,-1,2015-05-04 23:08:36.732354+01,2015-05-04 23:12:36.602418+01,2015-05-04 23:12:36.602469+01,t,"SELECT payment(2, 5, 2984, 2, 5, '', 165.500000)",active,2015-05-04 23:12:36.60247+01
1430777556.63684,dbt2,39196,10,mark,dbt2-client,,-1,2015-05-04 23:08:36.835902+01,2015-05-04 23:12:36.602158+01,2015-05-04 23:12:36.602197+01,t,"SELECT payment(1, 10, 988, 1, 10, '', 1383.330000)",active,2015-05-04 23:12:36.602197+01
1430777556.63684,dbt2,39200,10,mark,dbt2-client,,-1,2015-05-04 23:08:36.934594+01,2015-05-04 23:12:36.633592+01,2015-05-04 23:12:36.634312+01,f,FETCH ALL IN mycursor,idle in transaction,2015-05-04 23:12:36.636229+01
1430777556.63684,dbt2,39204,10,mark,dbt2-client,,-1,2015-05-04 23:08:37.038369+01,2015-05-04 23:12:36.563021+01,2015-05-04 23:12:36.563359+01,t,"SELECT payment(1, 4, 2527, 1, 3, '', 1342.330000)",active,2015-05-04 23:12:36.56336+01
1430777556.63684,dbt2,39209,10,mark,dbt2-client,,-1,2015-05-04 23:08:37.136517+01,2015-05-04 23:12:36.589463+01,2015-05-04 23:12:36.589493+01,t,"SELECT payment(2, 10, 0, 2, 10, 'ESECALLYPRES', 2952.210000)",active,2015-05-04 23:12:36.589494+01
1430777556.63684,dbt2,39213,10,mark,dbt2-client,,-1,2015-05-04 23:08:37.236994+01,2015-05-04 23:12:36.602445+01,2015-05-04 23:12:36.602623+01,t,"SELECT payment(2, 7, 0, 1, 10, 'CALLYPRIBAR', 1394.310000)",active,2015-05-04 23:12:36.602624+01
1430777556.63684,dbt2,39351,10,mark,psql,,-1,2015-05-04 23:12:36.635668+01,,,f,"",idle,2015-05-04 23:12:36.637229+01
1430777556.63684,dbt2,39350,10,mark,psql,,-1,2015-05-04 23:12:36.629609+01,2015-05-04 23:12:36.636838+01,2015-05-04 23:12:36.636838+01,f,"COPY (SELECT EXTRACT(EPOCH FROM TRANSACTION_TIMESTAMP()) AS ctime, datname, pid, usesysid, usename, application_name, client_addr, client_port, backend_start, xact_start, query_start, waiting, query , state, state_change FROM pg_stat_activity) TO STDOUT (FORMAT CSV);",active,2015-05-04 23:12:36.636843+01
1430777616.64602,dbt2,39037,10,mark,dbt2-client,,-1,2015-05-04 23:08:35.328219+01,2015-05-04 23:13:36.641895+01,2015-05-04 23:13:36.642185+01,t,"SELECT payment(2, 8, 768, 1, 1, '', 753.130000)",active,2015-05-04 23:13:36.642186+01
1430777616.64602,dbt2,39039,10,mark,dbt2-client,,-1,2015-05-04 23:08:35.428054+01,2015-05-04 23:13:36.610231+01,2015-05-04 23:13:36.610262+01,t,"SELECT payment(1, 5, 0, 1, 5, 'ABLEESEESE', 941.270000)",active,2015-05-04 23:13:36.610262+01
1430777616.64602,dbt2,39041,10,mark,dbt2-client,,-1,2015-05-04 23:08:35.528229+01,2015-05-04 23:13:36.50794+01,2015-05-04 23:13:36.508121+01,t,"SELECT payment(1, 8, 0, 1, 8, 'CALLYESEEING', 2459.270000)",active,2015-05-04 23:13:36.508121+01
1430777616.64602,dbt2,39043,10,mark,dbt2-client,,-1,2015-05-04 23:08:35.628356+01,2015-05-04 23:13:36.641518+01,2015-05-04 23:13:36.646774+01,f,COMMIT,active,2015-05-04 23:13:36.646775+01
1430777616.64602,dbt2,39045,10,mark,dbt2-client,,-1,2015-05-04 23:08:35.728427+01,2015-05-04 23:13:36.641982+01,2015-05-04 23:13:36.646762+01,f,COMMIT,active,2015-05-04 23:13:36.646762+01
1430777616.64602,dbt2,39047,10,mark,dbt2-client,,-1,2015-05-04 23:08:35.82855+01,2015-05-04 23:13:36.59063+01,2015-05-04 23:13:36.59066+01,t,"SELECT payment(1, 8, 0, 1, 1, 'OUGHTBARCALLY', 1453.980000)",active,2015-05-04 23:13:36.590661+01
1430777616.64602,dbt2,39049,10,mark,dbt2-client,,-1,2015-05-04 23:08:35.928715+01,2015-05-04 23:13:36.646865+01,2015-05-04 23:13:36.647051+01,f,"SELECT stock_level(2, 5, 10)",idle in transaction,2015-05-04 23:13:36.647516+01
1430777616.64602,dbt2,39051,10,mark,dbt2-client,,-1,2015-05-04 23:08:36.028877+01,2015-05-04 23:13:36.55913+01,2015-05-04 23:13:36.644519+01,f,COMMIT,active,2015-05-04 23:13:36.64452+01
1430777616.64602,dbt2,39053,10,mark,dbt2-client,,-1,2015-05-04 23:08:36.129021+01,2015-05-04 23:13:36.646848+01,2015-05-04 23:13:36.647531+01,f,"SELECT stock_level(1, 1, 20)",active,2015-05-04 23:13:36.647531+01
1430777616.64602,dbt2,39055,10,mark,dbt2-client,,-1,2015-05-04 23:08:36.229189+01,2015-05-04 23:13:36.514307+01,2015-05-04 23:13:36.51434+01,t,"SELECT payment(2, 1, 0, 2, 1, 'ESEESEATION', 1580.680000)",active,2015-05-04 23:13:36.51434+01
1430777616.64602,dbt2,39064,10,mark,dbt2-client,,-1,2015-05-04 23:08:36.329476+01,2015-05-04 23:13:36.599635+01,2015-05-04 23:13:36.599661+01,t,"SELECT payment(2, 2, 0, 2, 2, 'ABLEPRIEING', 3626.760000)",active,2015-05-04 23:13:36.599662+01
1430777616.64602,dbt2,39160,10,mark,dbt2-client,,-1,2015-05-04 23:08:36.532068+01,2015-05-04 23:13:36.612351+01,2015-05-04 23:13:36.612512+01,t,"SELECT payment(2, 1, 1704, 2, 1, '', 3402.220000)",active,2015-05-04 23:13:36.612512+01
1430777616.64602,dbt2,39126,10,mark,dbt2-client,,-1,2015-05-04 23:08:36.437194+01,2015-05-04 23:13:36.644579+01,2015-05-04 23:13:36.644737+01,t,FETCH ALL IN mycursor,active,2015-05-04 23:13:36.644738+01
1430777616.64602,dbt2,39188,10,mark,dbt2-client,,-1,2015-05-04 23:08:36.632254+01,2015-05-04 23:13:36.559152+01,2015-05-04 23:13:36.559183+01,t,"SELECT payment(1, 2, 0, 1, 2, 'ABLEESEPRES', 1187.660000)",active,2015-05-04 23:13:36.559183+01
1430777616.64602,dbt2,39192,10,mark,dbt2-client,,-1,2015-05-04 23:08:36.732354+01,2015-05-04 23:13:36.596056+01,2015-05-04 23:13:36.597135+01,t,"SELECT payment(1, 4, 0, 1, 4, 'ESEOUGHTBAR', 723.980000)",active,2015-05-04 23:13:36.597135+01
1430777616.64602,dbt2,39196,10,mark,dbt2-client,,-1,2015-05-04 23:08:36.835902+01,2015-05-04 23:13:36.641962+01,2015-05-04 23:13:36.642153+01,t,"SELECT payment(1, 9, 1624, 1, 9, '', 2132.250000)",active,2015-05-04 23:13:36.642154+01
1430777616.64602,dbt2,39200,10,mark,dbt2-client,,-1,2015-05-04 23:08:36.934594+01,2015-05-04 23:13:36.641451+01,2015-05-04 23:13:36.646812+01,f,COMMIT,active,2015-05-04 23:13:36.646812+01
1430777616.64602,dbt2,39204,10,mark,dbt2-client,,-1,2015-05-04 23:08:37.038369+01,2015-05-04 23:13:36.641537+01,2015-05-04 23:13:36.642027+01,t,"SELECT payment(2, 6, 0, 2, 6, 'PRESCALLYCALLY', 2979.170000)",active,2015-05-04 23:13:36.642028+01
1430777616.64602,dbt2,39209,10,mark,dbt2-client,,-1,2015-05-04 23:08:37.136517+01,2015-05-04 23:13:36.612153+01,2015-05-04 23:13:36.61237+01,t,"SELECT payment(2, 3, 2046, 2, 3, '', 1967.190000)",active,2015-05-04 23:13:36.612371+01
1430777616.64602,dbt2,39213,10,mark,dbt2-client,,-1,2015-05-04 23:08:37.236994+01,2015-05-04 23:13:36.646879+01,2015-05-04 23:13:36.646911+01,t,"SELECT payment(1, 1, 0, 1, 8, 'ABLEABLEPRI', 1603.950000)",active,2015-05-04 23:13:36.646912+01
1430777616.64602,dbt2,39375,10,mark,psql,,-1,2015-05-04 23:13:36.624598+01,2015-05-04 23:13:36.634324+01,2015-05-04 23:13:36.634324+01,f,"COPY (SELECT EXTRACT(EPOCH FROM TRANSACTION_TIMESTAMP()) AS ctime, a.schemaname, a.relname, seq_scan, seq_tup_read, idx_scan, idx_tup_fetch, n_tup_ins, n_tup_upd, n_tup_del, n_tup_hot_upd, n_live_tup, n_dead_tup, heap_blks_read, heap_blks_hit, idx_blks_read, idx_blks_hit, toast_blks_read, toast_blks_hit, tidx_blks_read, tidx_blks_hit FROM pg_statio_all_tables a, pg_stat_all_tables b WHERE a.relid = b.relid) TO STDOUT (FORMAT CSV);",active,2015-05-04 23:13:36.63433+01
1430777616.64602,dbt2,39379,10,mark,psql,,-1,2015-05-04 23:13:36.624983+01,2015-05-04 23:13:36.631003+01,2015-05-04 23:13:36.631003+01,f,"COPY (SELECT EXTRACT(EPOCH FROM TRANSACTION_TIMESTAMP()) AS ctime, a.schemaname, a.relname, a.indexrelname, idx_scan, idx_tup_read, idx_tup_fetch, idx_blks_read, idx_blks_hit FROM pg_stat_all_indexes a, pg_statio_all_indexes b WHERE a.indexrelid = b.indexrelid) TO STDOUT (FORMAT CSV);",active,2015-05-04 23:13:36.631009+01
1430777616.64602,dbt2,39377,10,mark,psql,,-1,2015-05-04 23:13:36.629318+01,2015-05-04 23:13:36.637621+01,2015-05-04 23:13:36.637621+01,f,"COPY (SELECT EXTRACT(EPOCH FROM TRANSACTION_TIMESTAMP()) AS ctime, datname, numbackends, xact_commit, xact_rollback, blks_read, blks_hit, tup_returned, tup_fetched, tup_inserted, tup_updated, tup_deleted FROM pg_stat_database) TO STDOUT (FORMAT CSV);",active,2015-05-04 23:13:36.637628+01
1430777616.64602,dbt2,39378,10,mark,psql,,-1,2015-05-04 23:13:36.644179+01,2015-05-04 23:13:36.646021+01,2015-05-04 23:13:36.646021+01,f,"COPY (SELECT EXTRACT(EPOCH FROM TRANSACTION_TIMESTAMP()) AS ctime, datname, pid, usesysid, usename, application_name, client_addr, client_port, backend_start, xact_start, query_start, waiting, query , state, state_change FROM pg_stat_activity) TO STDOUT (FORMAT CSV);",active,2015-05-04 23:13:36.646026+01
1430777676.64484,dbt2,39037,10,mark,dbt2-client,,-1,2015-05-04 23:08:35.328219+01,2015-05-04 23:14:36.642817+01,2015-05-04 23:14:36.64299+01,f,FETCH ALL IN mycursor,idle in transaction,2015-05-04 23:14:36.644822+01
1430777676.64484,dbt2,39039,10,mark,dbt2-client,,-1,2015-05-04 23:08:35.428054+01,2015-05-04 23:14:36.617574+01,2015-05-04 23:14:36.641044+01,f,COMMIT,active,2015-05-04 23:14:36.641044+01
1430777676.64484,dbt2,39041,10,mark,dbt2-client,,-1,2015-05-04 23:08:35.528229+01,2015-05-04 23:14:36.614532+01,2015-05-04 23:14:36.631163+01,f,COMMIT,active,2015-05-04 23:14:36.631164+01
1430777676.64484,dbt2,39043,10,mark,dbt2-client,,-1,2015-05-04 23:08:35.628356+01,2015-05-04 23:14:36.595393+01,2015-05-04 23:14:36.595441+01,t,"SELECT payment(1, 8, 0, 1, 8, 'PRIATIONABLE', 4024.030000)",active,2015-05-04 23:14:36.595441+01
1430777676.64484,dbt2,39045,10,mark,dbt2-client,,-1,2015-05-04 23:08:35.728427+01,2015-05-04 23:14:36.618061+01,2015-05-04 23:14:36.618375+01,t,"SELECT payment(1, 3, 1664, 1, 2, '', 2112.450000)",active,2015-05-04 23:14:36.618376+01
1430777676.64484,dbt2,39047,10,mark,dbt2-client,,-1,2015-05-04 23:08:35.82855+01,2015-05-04 23:14:36.58342+01,2015-05-04 23:14:36.583461+01,t,"SELECT payment(2, 2, 0, 2, 2, 'PRIOUGHTATION', 2359.630000)",active,2015-05-04 23:14:36.583462+01
1430777676.64484,dbt2,39049,10,mark,dbt2-client,,-1,2015-05-04 23:08:35.928715+01,2015-05-04 23:14:36.557974+01,2015-05-04 23:14:36.565058+01,t,"SELECT payment(1, 4, 36, 1, 4, '', 3201.100000)",active,2015-05-04 23:14:36.565059+01
1430777676.64484,dbt2,39051,10,mark,dbt2-client,,-1,2015-05-04 23:08:36.028877+01,2015-05-04 23:14:36.583333+01,2015-05-04 23:14:36.583707+01,t,"SELECT payment(2, 7, 640, 2, 7, '', 612.050000)",active,2015-05-04 23:14:36.583708+01
1430777676.64484,dbt2,39053,10,mark,dbt2-client,,-1,2015-05-04 23:08:36.129021+01,2015-05-04 23:14:36.638479+01,2015-05-04 23:14:36.641074+01,f,COMMIT,active,2015-05-04 23:14:36.641074+01
1430777676.64484,dbt2,39055,10,mark,dbt2-client,,-1,2015-05-04 23:08:36.229189+01,2015-05-04 23:14:36.593064+01,2015-05-04 23:14:36.593093+01,t,"SELECT payment(2, 4, 0, 2, 4, 'CALLYANTIANTI', 2934.320000)",active,2015-05-04 23:14:36.593093+01
1430777676.64484,dbt2,39064,10,mark,dbt2-client,,-1,2015-05-04 23:08:36.329476+01,2015-05-04 23:14:36.613759+01,2015-05-04 23:14:36.613931+01,t,"SELECT payment(1, 2, 1792, 1, 2, '', 943.890000)",active,2015-05-04 23:14:36.613932+01
1430777676.64484,dbt2,39160,10,mark,dbt2-client,,-1,2015-05-04 23:08:36.532068+01,2015-05-04 23:14:36.583298+01,2015-05-04 23:14:36.583356+01,t,"SELECT payment(1, 9, 1916, 1, 9, '', 3183.070000)",active,2015-05-04 23:14:36.583356+01
1430777676.64484,dbt2,39126,10,mark,dbt2-client,,-1,2015-05-04 23:08:36.437194+01,2015-05-04 23:14:36.618032+01,2015-05-04 23:14:36.640959+01,f,COMMIT,active,2015-05-04 23:14:36.640959+01
1430777676.64484,dbt2,39188,10,mark,dbt2-client,,-1,2015-05-04 23:08:36.632254+01,2015-05-04 23:14:36.631728+01,2015-05-04 23:14:36.631762+01,t,"SELECT payment(1, 10, 0, 1, 10, 'ABLEABLEOUGHT', 948.180000)",active,2015-05-04 23:14:36.631763+01
1430777676.64484,dbt2,39192,10,mark,dbt2-client,,-1,2015-05-04 23:08:36.732354+01,2015-05-04 23:14:36.618503+01,2015-05-04 23:14:36.618567+01,t,"SELECT payment(2, 7, 1024, 2, 7, '', 435.910000)",active,2015-05-04 23:14:36.618568+01
1430777676.64484,dbt2,39196,10,mark,dbt2-client,,-1,2015-05-04 23:08:36.835902+01,2015-05-04 23:14:36.617971+01,2015-05-04 23:14:36.618077+01,t,"SELECT payment(1, 6, 0, 1, 4, 'CALLYANTIOUGHT', 824.560000)",active,2015-05-04 23:14:36.618077+01
1430777676.64484,dbt2,39200,10,mark,dbt2-client,,-1,2015-05-04 23:08:36.934594+01,2015-05-04 23:14:36.622652+01,2015-05-04 23:14:36.622688+01,t,"SELECT payment(2, 6, 0, 1, 9, 'ANTIPRIESE', 2090.780000)",active,2015-05-04 23:14:36.622689+01
1430777676.64484,dbt2,39204,10,mark,dbt2-client,,-1,2015-05-04 23:08:37.038369+01,2015-05-04 23:14:36.597526+01,2015-05-04 23:14:36.597566+01,t,"SELECT payment(1, 5, 0, 1, 5, 'EINGATIONCALLY', 4343.420000)",active,2015-05-04 23:14:36.597566+01
1430777676.64484,dbt2,39209,10,mark,dbt2-client,,-1,2015-05-04 23:08:37.136517+01,2015-05-04 23:14:36.59378+01,2015-05-04 23:14:36.594502+01,t,"SELECT payment(2, 10, 0, 2, 10, 'BARABLEBAR', 3963.600000)",active,2015-05-04 23:14:36.594503+01
1430777676.64484,dbt2,39213,10,mark,dbt2-client,,-1,2015-05-04 23:08:37.236994+01,2015-05-04 23:14:36.583386+01,2015-05-04 23:14:36.583746+01,t,"SELECT payment(2, 3, 0, 2, 3, 'BAROUGHTATION', 3458.850000)",active,2015-05-04 23:14:36.583747+01
1430777676.64484,dbt2,39403,10,mark,psql,,-1,2015-05-04 23:14:36.626105+01,2015-05-04 23:14:36.631188+01,2015-05-04 23:14:36.631188+01,f,"COPY (SELECT EXTRACT(EPOCH FROM TRANSACTION_TIMESTAMP()) AS ctime, a.schemaname, a.relname, a.indexrelname, idx_scan, idx_tup_read, idx_tup_fetch, idx_blks_read, idx_blks_hit FROM pg_stat_all_indexes a, pg_statio_all_indexes b WHERE a.indexrelid = b.indexrelid) TO STDOUT (FORMAT CSV);",active,2015-05-04 23:14:36.631194+01
1430777676.64484,dbt2,39407,10,mark,psql,,-1,2015-05-04 23:14:36.643957+01,2015-05-04 23:14:36.645619+01,2015-05-04 23:14:36.645619+01,f,"COPY (SELECT EXTRACT(EPOCH FROM TRANSACTION_TIMESTAMP()) AS ctime, relname, pid, mode, granted FROM pg_locks, pg_class WHERE relfilenode = relation ORDER BY relname) TO STDOUT (FORMAT CSV);",active,2015-05-04 23:14:36.645624+01
1430777676.64484,dbt2,39405,10,mark,psql,,-1,2015-05-04 23:14:36.641147+01,2015-05-04 23:14:36.644844+01,2015-05-04 23:14:36.644844+01,f,"COPY (SELECT EXTRACT(EPOCH FROM TRANSACTION_TIMESTAMP()) AS ctime, datname, pid, usesysid, usename, application_name, client_addr, client_port, backend_start, xact_start, query_start, waiting, query , state, state_change FROM pg_stat_activity) TO STDOUT (FORMAT CSV);",active,2015-05-04 23:14:36.64485+01
1430777736.64224,dbt2,39037,10,mark,dbt2-client,,-1,2015-05-04 23:08:35.328219+01,2015-05-04 23:15:36.627385+01,2015-05-04 23:15:36.627423+01,t,"SELECT payment(1, 8, 2045, 1, 8, '', 1785.730000)",active,2015-05-04 23:15:36.627423+01
1430777736.64224,dbt2,39039,10,mark,dbt2-client,,-1,2015-05-04 23:08:35.428054+01,2015-05-04 23:15:36.551381+01,2015-05-04 23:15:36.552065+01,t,"SELECT payment(2, 8, 0, 2, 8, 'EINGATIONOUGHT', 2036.950000)",active,2015-05-04 23:15:36.552066+01
1430777736.64224,dbt2,39041,10,mark,dbt2-client,,-1,2015-05-04 23:08:35.528229+01,2015-05-04 23:15:36.630139+01,2015-05-04 23:15:36.630667+01,t,"SELECT payment(2, 6, 0, 2, 6, 'CALLYESEEING', 2060.000000)",active,2015-05-04 23:15:36.630668+01
1430777736.64224,dbt2,39043,10,mark,dbt2-client,,-1,2015-05-04 23:08:35.628356+01,2015-05-04 23:15:36.591252+01,2015-05-04 23:15:36.59128+01,t,"SELECT payment(1, 1, 0, 1, 1, 'ESEBAROUGHT', 4814.200000)",active,2015-05-04 23:15:36.59128+01
1430777736.64224,dbt2,39045,10,mark,dbt2-client,,-1,2015-05-04 23:08:35.728427+01,2015-05-04 23:15:36.637676+01,2015-05-04 23:15:36.639364+01,f,COMMIT,active,2015-05-04 23:15:36.639364+01
1430777736.64224,dbt2,39047,10,mark,dbt2-client,,-1,2015-05-04 23:08:35.82855+01,2015-05-04 23:15:36.641194+01,2015-05-04 23:15:36.641226+01,t,"SELECT payment(2, 6, 0, 2, 6, 'OUGHTABLEPRI', 4787.410000)",active,2015-05-04 23:15:36.641226+01
1430777736.64224,dbt2,39049,10,mark,dbt2-client,,-1,2015-05-04 23:08:35.928715+01,2015-05-04 23:15:36.616703+01,2015-05-04 23:15:36.616912+01,t,"SELECT payment(1, 6, 0, 1, 6, 'CALLYANTICALLY', 3277.470000)",active,2015-05-04 23:15:36.616913+01
1430777736.64224,dbt2,39051,10,mark,dbt2-client,,-1,2015-05-04 23:08:36.028877+01,2015-05-04 23:15:36.589349+01,2015-05-04 23:15:36.58938+01,t,"SELECT payment(2, 3, 1452, 2, 3, '', 3771.710000)",active,2015-05-04 23:15:36.589381+01
1430777736.64224,dbt2,39053,10,mark,dbt2-client,,-1,2015-05-04 23:08:36.129021+01,2015-05-04 23:15:36.569096+01,2015-05-04 23:15:36.631325+01,f,COMMIT,active,2015-05-04 23:15:36.631326+01
1430777736.64224,dbt2,39055,10,mark,dbt2-client,,-1,2015-05-04 23:08:36.229189+01,2015-05-04 23:15:36.61953+01,2015-05-04 23:15:36.619553+01,t,"SELECT payment(1, 3, 0, 1, 5, 'CALLYABLECALLY', 571.900000)",active,2015-05-04 23:15:36.619554+01
1430777736.64224,dbt2,39064,10,mark,dbt2-client,,-1,2015-05-04 23:08:36.329476+01,2015-05-04 23:15:36.541348+01,2015-05-04 23:15:36.541447+01,t,"SELECT payment(1, 6, 0, 1, 6, 'PRIOUGHTPRES', 984.240000)",active,2015-05-04 23:15:36.541448+01
1430777736.64224,dbt2,39160,10,mark,dbt2-client,,-1,2015-05-04 23:08:36.532068+01,2015-05-04 23:15:36.634482+01,2015-05-04 23:15:36.634514+01,t,"SELECT payment(1, 3, 0, 1, 3, 'EINGESEATION', 2689.630000)",active,2015-05-04 23:15:36.634514+01
1430777736.64224,dbt2,39126,10,mark,dbt2-client,,-1,2015-05-04 23:08:36.437194+01,2015-05-04 23:15:36.568897+01,2015-05-04 23:15:36.56893+01,t,"SELECT payment(1, 1, 0, 1, 1, 'ESEOUGHTBAR', 2877.000000)",active,2015-05-04 23:15:36.568931+01
1430777736.64224,dbt2,39188,10,mark,dbt2-client,,-1,2015-05-04 23:08:36.632254+01,2015-05-04 23:15:36.630829+01,2015-05-04 23:15:36.634785+01,f,COMMIT,active,2015-05-04 23:15:36.634785+01
1430777736.64224,dbt2,39192,10,mark,dbt2-client,,-1,2015-05-04 23:08:36.732354+01,2015-05-04 23:15:36.51379+01,2015-05-04 23:15:36.515783+01,t,"SELECT payment(2, 2, 0, 2, 2, 'CALLYANTICALLY', 3959.230000)",active,2015-05-04 23:15:36.515784+01
1430777736.64224,dbt2,39196,10,mark,dbt2-client,,-1,2015-05-04 23:08:36.835902+01,2015-05-04 23:15:36.612151+01,2015-05-04 23:15:36.612181+01,t,"SELECT payment(1, 5, 0, 1, 5, 'ABLEPRIABLE', 2677.870000)",active,2015-05-04 23:15:36.612181+01
1430777736.64224,dbt2,39200,10,mark,dbt2-client,,-1,2015-05-04 23:08:36.934594+01,2015-05-04 23:15:36.531784+01,2015-05-04 23:15:36.634667+01,f,COMMIT,active,2015-05-04 23:15:36.634668+01
1430777736.64224,dbt2,39204,10,mark,dbt2-client,,-1,2015-05-04 23:08:37.038369+01,2015-05-04 23:15:36.540756+01,2015-05-04 23:15:36.540776+01,t,"SELECT payment(1, 3, 0, 1, 3, 'PRESEINGESE', 1235.890000)",active,2015-05-04 23:15:36.540777+01
1430777736.64224,dbt2,39209,10,mark,dbt2-client,,-1,2015-05-04 23:08:37.136517+01,2015-05-04 23:15:36.543289+01,2015-05-04 23:15:36.543346+01,t,"SELECT payment(2, 9, 0, 2, 9, 'BARATIONANTI', 1008.870000)",active,2015-05-04 23:15:36.543347+01
1430777736.64224,dbt2,39213,10,mark,dbt2-client,,-1,2015-05-04 23:08:37.236994+01,2015-05-04 23:15:36.616161+01,2015-05-04 23:15:36.61619+01,t,"SELECT payment(2, 8, 1008, 2, 8, '', 4150.360000)",active,2015-05-04 23:15:36.616192+01
1430777736.64224,dbt2,39450,10,mark,psql,,-1,2015-05-04 23:15:36.631729+01,2015-05-04 23:15:36.634153+01,2015-05-04 23:15:36.634153+01,f,"COPY (SELECT EXTRACT(EPOCH FROM TRANSACTION_TIMESTAMP()) AS ctime, relname, pid, mode, granted FROM pg_locks, pg_class WHERE relfilenode = relation ORDER BY relname) TO STDOUT (FORMAT CSV);",active,2015-05-04 23:15:36.634159+01
1430777736.64224,dbt2,39451,10,mark,psql,,-1,2015-05-04 23:15:36.639447+01,2015-05-04 23:15:36.641393+01,2015-05-04 23:15:36.641393+01,f,"COPY (SELECT EXTRACT(EPOCH FROM TRANSACTION_TIMESTAMP()) AS ctime, a.schemaname, a.relname, seq_scan, seq_tup_read, idx_scan, idx_tup_fetch, n_tup_ins, n_tup_upd, n_tup_del, n_tup_hot_upd, n_live_tup, n_dead_tup, heap_blks_read, heap_blks_hit, idx_blks_read, idx_blks_hit, toast_blks_read, toast_blks_hit, tidx_blks_read, tidx_blks_hit FROM pg_statio_all_tables a, pg_stat_all_tables b WHERE a.relid = b.relid) TO STDOUT (FORMAT CSV);",active,2015-05-04 23:15:36.641398+01
1430777736.64224,dbt2,39452,10,mark,psql,,-1,2015-05-04 23:15:36.640361+01,2015-05-04 23:15:36.642236+01,2015-05-04 23:15:36.642236+01,f,"COPY (SELECT EXTRACT(EPOCH FROM TRANSACTION_TIMESTAMP()) AS ctime, datname, pid, usesysid, usename, application_name, client_addr, client_port, backend_start, xact_start, query_start, waiting, query , state, state_change FROM pg_stat_activity) TO STDOUT (FORMAT CSV);",active,2015-05-04 23:15:36.642241+01
1430777796.66354,dbt2,39037,10,mark,dbt2-client,,-1,2015-05-04 23:08:35.328219+01,2015-05-04 23:16:36.618192+01,2015-05-04 23:16:36.618225+01,t,"SELECT payment(1, 5, 0, 1, 5, 'ABLEPRESANTI', 2618.720000)",active,2015-05-04 23:16:36.618225+01
1430777796.66354,dbt2,39039,10,mark,dbt2-client,,-1,2015-05-04 23:08:35.428054+01,2015-05-04 23:16:36.609991+01,2015-05-04 23:16:36.610998+01,t,"SELECT payment(1, 10, 0, 1, 10, 'ABLEABLEPRI', 3902.060000)",active,2015-05-04 23:16:36.610999+01
1430777796.66354,dbt2,39041,10,mark,dbt2-client,,-1,2015-05-04 23:08:35.528229+01,2015-05-04 23:16:36.651366+01,2015-05-04 23:16:36.65352+01,f,COMMIT,active,2015-05-04 23:16:36.65352+01
1430777796.66354,dbt2,39043,10,mark,dbt2-client,,-1,2015-05-04 23:08:35.628356+01,2015-05-04 23:16:36.662583+01,2015-05-04 23:16:36.664807+01,f,COMMIT,active,2015-05-04 23:16:36.664807+01
1430777796.66354,dbt2,39045,10,mark,dbt2-client,,-1,2015-05-04 23:08:35.728427+01,2015-05-04 23:16:36.581269+01,2015-05-04 23:16:36.581454+01,t,"SELECT payment(2, 5, 0, 2, 5, 'CALLYANTICALLY', 71.730000)",active,2015-05-04 23:16:36.581455+01
1430777796.66354,dbt2,39047,10,mark,dbt2-client,,-1,2015-05-04 23:08:35.82855+01,2015-05-04 23:16:36.488775+01,2015-05-04 23:16:36.488963+01,t,"SELECT payment(2, 4, 1015, 2, 4, '', 4182.730000)",active,2015-05-04 23:16:36.488964+01
1430777796.66354,dbt2,39049,10,mark,dbt2-client,,-1,2015-05-04 23:08:35.928715+01,2015-05-04 23:16:36.54265+01,2015-05-04 23:16:36.542685+01,t,"SELECT payment(2, 5, 990, 2, 5, '', 4235.220000)",active,2015-05-04 23:16:36.542685+01
1430777796.66354,dbt2,39051,10,mark,dbt2-client,,-1,2015-05-04 23:08:36.028877+01,,2015-05-04 23:16:36.645385+01,f,COMMIT,idle,2015-05-04 23:16:36.663526+01
1430777796.66354,dbt2,39053,10,mark,dbt2-client,,-1,2015-05-04 23:08:36.129021+01,2015-05-04 23:16:36.622973+01,2015-05-04 23:16:36.622992+01,t,"SELECT payment(1, 3, 0, 1, 3, 'ATIONPRIOUGHT', 2541.310000)",active,2015-05-04 23:16:36.622993+01
1430777796.66354,dbt2,39055,10,mark,dbt2-client,,-1,2015-05-04 23:08:36.229189+01,2015-05-04 23:16:36.662604+01,2015-05-04 23:16:36.662643+01,t,"SELECT payment(2, 7, 0, 2, 7, 'ESEOUGHTOUGHT', 269.590000)",active,2015-05-04 23:16:36.662644+01
1430777796.66354,dbt2,39064,10,mark,dbt2-client,,-1,2015-05-04 23:08:36.329476+01,2015-05-04 23:16:36.632672+01,2015-05-04 23:16:36.632701+01,t,"SELECT payment(2, 6, 0, 2, 6, 'PRIESEOUGHT', 175.490000)",active,2015-05-04 23:16:36.632701+01
1430777796.66354,dbt2,39160,10,mark,dbt2-client,,-1,2015-05-04 23:08:36.532068+01,2015-05-04 23:16:36.607613+01,2015-05-04 23:16:36.607658+01,t,"SELECT payment(1, 10, 2743, 1, 10, '', 2708.550000)",active,2015-05-04 23:16:36.607658+01
1430777796.66354,dbt2,39126,10,mark,dbt2-client,,-1,2015-05-04 23:08:36.437194+01,2015-05-04 23:16:36.580915+01,2015-05-04 23:16:36.5813+01,t,"SELECT payment(1, 7, 1679, 1, 7, '', 4285.600000)",active,2015-05-04 23:16:36.581301+01
1430777796.66354,dbt2,39188,10,mark,dbt2-client,,-1,2015-05-04 23:08:36.632254+01,2015-05-04 23:16:36.664583+01,2015-05-04 23:16:36.664615+01,t,"SELECT payment(2, 10, 0, 2, 10, 'EINGEINGOUGHT', 3126.690000)",active,2015-05-04 23:16:36.664616+01
1430777796.66354,dbt2,39192,10,mark,dbt2-client,,-1,2015-05-04 23:08:36.732354+01,2015-05-04 23:16:36.540702+01,2015-05-04 23:16:36.540734+01,t,"SELECT payment(2, 2, 0, 2, 2, 'ESEOUGHTOUGHT', 3780.370000)",active,2015-05-04 23:16:36.540734+01
1430777796.66354,dbt2,39196,10,mark,dbt2-client,,-1,2015-05-04 23:08:36.835902+01,2015-05-04 23:16:36.542379+01,2015-05-04 23:16:36.662552+01,f,COMMIT,active,2015-05-04 23:16:36.662554+01
1430777796.66354,dbt2,39200,10,mark,dbt2-client,,-1,2015-05-04 23:08:36.934594+01,2015-05-04 23:16:36.632341+01,2015-05-04 23:16:36.632385+01,t,"SELECT payment(1, 3, 0, 1, 3, 'EINGESEEING', 733.910000)",active,2015-05-04 23:16:36.632385+01
1430777796.66354,dbt2,39204,10,mark,dbt2-client,,-1,2015-05-04 23:08:37.038369+01,2015-05-04 23:16:36.620507+01,2015-05-04 23:16:36.620676+01,t,"SELECT payment(1, 10, 603, 1, 10, '', 4366.630000)",active,2015-05-04 23:16:36.620677+01
1430777796.66354,dbt2,39209,10,mark,dbt2-client,,-1,2015-05-04 23:08:37.136517+01,2015-05-04 23:16:36.607365+01,2015-05-04 23:16:36.658499+01,f,COMMIT,active,2015-05-04 23:16:36.6585+01
1430777796.66354,dbt2,39213,10,mark,dbt2-client,,-1,2015-05-04 23:08:37.236994+01,2015-05-04 23:16:36.643413+01,2015-05-04 23:16:36.643452+01,t,"SELECT payment(1, 7, 0, 1, 7, 'PRESEINGPRES', 4507.700000)",active,2015-05-04 23:16:36.643453+01
1430777796.66354,dbt2,39478,10,mark,psql,,-1,2015-05-04 23:16:36.645543+01,2015-05-04 23:16:36.648875+01,2015-05-04 23:16:36.648875+01,f,"COPY (SELECT EXTRACT(EPOCH FROM TRANSACTION_TIMESTAMP()) AS ctime, a.schemaname, a.relname, seq_scan, seq_tup_read, idx_scan, idx_tup_fetch, n_tup_ins, n_tup_upd, n_tup_del, n_tup_hot_upd, n_live_tup, n_dead_tup, heap_blks_read, heap_blks_hit, idx_blks_read, idx_blks_hit, toast_blks_read, toast_blks_hit, tidx_blks_read, tidx_blks_hit FROM pg_statio_all_tables a, pg_stat_all_tables b WHERE a.relid = b.relid) TO STDOUT (FORMAT CSV);",active,2015-05-04 23:16:36.648881+01
1430777796.66354,dbt2,39481,10,mark,psql,,-1,2015-05-04 23:16:36.647458+01,2015-05-04 23:16:36.663544+01,2015-05-04 23:16:36.663544+01,f,"COPY (SELECT EXTRACT(EPOCH FROM TRANSACTION_TIMESTAMP()) AS ctime, datname, pid, usesysid, usename, application_name, client_addr, client_port, backend_start, xact_start, query_start, waiting, query , state, state_change FROM pg_stat_activity) TO STDOUT (FORMAT CSV);",active,2015-05-04 23:16:36.663549+01
1430777796.66354,dbt2,39482,10,mark,psql,,-1,2015-05-04 23:16:36.653602+01,,2015-05-04 23:16:36.655288+01,f,"COPY (SELECT EXTRACT(EPOCH FROM TRANSACTION_TIMESTAMP()) AS ctime, a.schemaname, a.relname, a.indexrelname, idx_scan, idx_tup_read, idx_tup_fetch, idx_blks_read, idx_blks_hit FROM pg_stat_all_indexes a, pg_statio_all_indexes b WHERE a.indexrelid = b.indexrelid) TO STDOUT (FORMAT CSV);",idle,2015-05-04 23:16:36.663483+01
1430777856.85797,dbt2,39037,10,mark,dbt2-client,,-1,2015-05-04 23:08:35.328219+01,,2015-05-04 23:17:36.888459+01,f,COMMIT,idle,2015-05-04 23:17:36.888483+01
1430777856.85797,dbt2,39039,10,mark,dbt2-client,,-1,2015-05-04 23:08:35.428054+01,2015-05-04 23:17:36.890296+01,2015-05-04 23:17:36.890296+01,f,BEGIN,idle in transaction,2015-05-04 23:17:36.890313+01
1430777856.85797,dbt2,39041,10,mark,dbt2-client,,-1,2015-05-04 23:08:35.528229+01,2015-05-04 23:17:36.878237+01,2015-05-04 23:17:36.879283+01,t,"SELECT payment(2, 10, 0, 2, 10, 'OUGHTATIONOUGHT', 4610.750000)",active,2015-05-04 23:17:36.879284+01
1430777856.85797,dbt2,39043,10,mark,dbt2-client,,-1,2015-05-04 23:08:35.628356+01,,2015-05-04 23:17:36.888752+01,f,COMMIT,idle,2015-05-04 23:17:36.89035+01
1430777856.85797,dbt2,39045,10,mark,dbt2-client,,-1,2015-05-04 23:08:35.728427+01,2015-05-04 23:17:36.858798+01,2015-05-04 23:17:36.858939+01,t,"SELECT payment(2, 2, 0, 2, 2, 'ATIONEINGOUGHT', 742.410000)",active,2015-05-04 23:17:36.858939+01
1430777856.85797,dbt2,39047,10,mark,dbt2-client,,-1,2015-05-04 23:08:35.82855+01,2015-05-04 23:17:36.849325+01,2015-05-04 23:17:36.849543+01,t,"SELECT payment(2, 1, 0, 1, 10, 'ABLEABLEPRI', 4250.690000)",active,2015-05-04 23:17:36.849544+01
1430777856.85797,dbt2,39049,10,mark,dbt2-client,,-1,2015-05-04 23:08:35.928715+01,2015-05-04 23:17:36.865234+01,2015-05-04 23:17:36.865265+01,t,"SELECT payment(1, 4, 0, 1, 4, 'PRESPRESCALLY', 555.300000)",active,2015-05-04 23:17:36.865265+01
1430777856.85797,dbt2,39051,10,mark,dbt2-client,,-1,2015-05-04 23:08:36.028877+01,2015-05-04 23:17:36.874941+01,2015-05-04 23:17:36.87497+01,t,"SELECT payment(2, 10, 2940, 2, 10, '', 4095.560000)",active,2015-05-04 23:17:36.87497+01
1430777856.85797,dbt2,39053,10,mark,dbt2-client,,-1,2015-05-04 23:08:36.129021+01,2015-05-04 23:17:36.867485+01,2015-05-04 23:17:36.867514+01,t,"SELECT payment(1, 7, 0, 1, 7, 'CALLYESEANTI', 4875.120000)",active,2015-05-04 23:17:36.867514+01
1430777856.85797,dbt2,39055,10,mark,dbt2-client,,-1,2015-05-04 23:08:36.229189+01,2015-05-04 23:17:36.883566+01,2015-05-04 23:17:36.888873+01,f,COMMIT,active,2015-05-04 23:17:36.888873+01
1430777856.85797,dbt2,39064,10,mark,dbt2-client,,-1,2015-05-04 23:08:36.329476+01,2015-05-04 23:17:36.884174+01,2015-05-04 23:17:36.888861+01,f,COMMIT,active,2015-05-04 23:17:36.888862+01
1430777856.85797,dbt2,39160,10,mark,dbt2-client,,-1,2015-05-04 23:08:36.532068+01,2015-05-04 23:17:36.886804+01,2015-05-04 23:17:36.887403+01,f,"DECLARE mycursor CURSOR FOR SELECT new_order(2, 4, 2047, 1, 10, make_new_order_info(87418, 2, 3), make_new_order_info(94128, 2, 5), make_new_order_info(88702, 2, 8), make_new_order_info(40396, 2, 10), make_new_order_info(81888, 2, 3), make_new_order_info(58872, 2, 5), make_new_order_info(90088, 2, 3), make_new_order_info(69112, 2, 2), make_new_order_info(20367, 2, 9), make_new_order_info(22016, 2, 9), make_new_order_info(0, 0, 0), make_new_order_info(0, 0, 0), make_new_order_info(0, 0, 0), make_new_order_info(0, 0, 0), make_new_order_info(0, 0, 0) )",idle in transaction,2015-05-04 23:17:36.887519+01
1430777856.85797,dbt2,39126,10,mark,dbt2-client,,-1,2015-05-04 23:08:36.437194+01,2015-05-04 23:17:36.879112+01,2015-05-04 23:17:36.879139+01,f,"SELECT payment(1, 3, 2547, 1, 3, '', 794.730000)",idle in transaction,2015-05-04 23:17:36.888061+01
1430777856.85797,dbt2,39188,10,mark,dbt2-client,,-1,2015-05-04 23:08:36.632254+01,2015-05-04 23:17:36.886021+01,2015-05-04 23:17:36.886046+01,t,"SELECT delivery(1, 8)",active,2015-05-04 23:17:36.886046+01
1430777856.85797,dbt2,39192,10,mark,dbt2-client,,-1,2015-05-04 23:08:36.732354+01,2015-05-04 23:17:36.862864+01,2015-05-04 23:17:36.862891+01,t,"SELECT payment(1, 7, 0, 1, 7, 'CALLYANTICALLY', 14.170000)",active,2015-05-04 23:17:36.862891+01
1430777856.85797,dbt2,39196,10,mark,dbt2-client,,-1,2015-05-04 23:08:36.835902+01,2015-05-04 23:17:36.884898+01,2015-05-04 23:17:36.885226+01,t,"SELECT payment(2, 1, 0, 1, 8, 'ESEBAREING', 4279.610000)",active,2015-05-04 23:17:36.885227+01
1430777856.85797,dbt2,39200,10,mark,dbt2-client,,-1,2015-05-04 23:08:36.934594+01,2015-05-04 23:17:36.887529+01,2015-05-04 23:17:36.887598+01,f,"DECLARE mycursor CURSOR FOR SELECT new_order(1, 9, 1016, 1, 11, make_new_order_info(48514, 1, 4), make_new_order_info(89298, 1, 8), make_new_order_info(40958, 1, 4), make_new_order_info(62432, 1, 3), make_new_order_info(57277, 1, 7), make_new_order_info(24056, 1, 8), make_new_order_info(29695, 1, 5), make_new_order_info(20850, 1, 8), make_new_order_info(4092, 1, 10), make_new_order_info(92112, 1, 4), make_new_order_info(27775, 1, 7), make_new_order_info(0, 0, 0), make_new_order_info(0, 0, 0), make_new_order_info(0, 0, 0), make_new_order_info(0, 0, 0) )",idle in transaction,2015-05-04 23:17:36.887773+01
1430777856.85797,dbt2,39204,10,mark,dbt2-client,,-1,2015-05-04 23:08:37.038369+01,2015-05-04 23:17:36.869732+01,2015-05-04 23:17:36.869771+01,t,"SELECT payment(2, 10, 0, 2, 10, 'ESEBARCALLY', 1490.730000)",active,2015-05-04 23:17:36.869771+01
1430777856.85797,dbt2,39209,10,mark,dbt2-client,,-1,2015-05-04 23:08:37.136517+01,2015-05-04 23:17:36.888543+01,2015-05-04 23:17:36.888586+01,t,"SELECT payment(2, 5, 0, 1, 10, 'CALLYANTIESE', 3540.420000)",active,2015-05-04 23:17:36.888586+01
1430777856.85797,dbt2,39213,10,mark,dbt2-client,,-1,2015-05-04 23:08:37.236994+01,2015-05-04 23:17:36.864328+01,2015-05-04 23:17:36.864559+01,t,"SELECT payment(1, 8, 0, 1, 8, 'CALLYESECALLY', 3890.030000)",active,2015-05-04 23:17:36.864559+01
1430777856.85797,dbt2,39507,10,mark,psql,,-1,2015-05-04 23:17:36.841264+01,2015-05-04 23:17:36.844851+01,2015-05-04 23:17:36.844851+01,f,"COPY (SELECT EXTRACT(EPOCH FROM TRANSACTION_TIMESTAMP()) AS ctime, a.schemaname, a.relname, a.indexrelname, idx_scan, idx_tup_read, idx_tup_fetch, idx_blks_read, idx_blks_hit FROM pg_stat_all_indexes a, pg_statio_all_indexes b WHERE a.indexrelid = b.indexrelid) TO STDOUT (FORMAT CSV);",active,2015-05-04 23:17:36.844857+01
1430777856.85797,dbt2,39506,10,mark,psql,,-1,2015-05-04 23:17:36.843371+01,2015-05-04 23:17:36.845552+01,2015-05-04 23:17:36.845552+01,f,"COPY (SELECT EXTRACT(EPOCH FROM TRANSACTION_TIMESTAMP()) AS ctime, a.schemaname, a.relname, seq_scan, seq_tup_read, idx_scan, idx_tup_fetch, n_tup_ins, n_tup_upd, n_tup_del, n_tup_hot_upd, n_live_tup, n_dead_tup, heap_blks_read, heap_blks_hit, idx_blks_read, idx_blks_hit, toast_blks_read, toast_blks_hit, tidx_blks_read, tidx_blks_hit FROM pg_statio_all_tables a, pg_stat_all_tables b WHERE a.relid = b.relid) TO STDOUT (FORMAT CSV);",active,2015-05-04 23:17:36.84556+01
1430777856.85797,dbt2,39509,10,mark,psql,,-1,2015-05-04 23:17:36.847141+01,2015-05-04 23:17:36.85141+01,2015-05-04 23:17:36.85141+01,f,"COPY (SELECT EXTRACT(EPOCH FROM TRANSACTION_TIMESTAMP()) AS ctime, datname, numbackends, xact_commit, xact_rollback, blks_read, blks_hit, tup_returned, tup_fetched, tup_inserted, tup_updated, tup_deleted FROM pg_stat_database) TO STDOUT (FORMAT CSV);",active,2015-05-04 23:17:36.851415+01
1430777856.85797,dbt2,39508,10,mark,psql,,-1,2015-05-04 23:17:36.851636+01,2015-05-04 23:17:36.857972+01,2015-05-04 23:17:36.857972+01,f,"COPY (SELECT EXTRACT(EPOCH FROM TRANSACTION_TIMESTAMP()) AS ctime, datname, pid, usesysid, usename, application_name, client_addr, client_port, backend_start, xact_start, query_start, waiting, query , state, state_change FROM pg_stat_activity) TO STDOUT (FORMAT CSV);",active,2015-05-04 23:17:36.857977+01
1430777856.85797,dbt2,39510,10,mark,psql,,-1,2015-05-04 23:17:36.851672+01,2015-05-04 23:17:36.855394+01,2015-05-04 23:17:36.855394+01,f,"COPY (SELECT EXTRACT(EPOCH FROM TRANSACTION_TIMESTAMP()) AS ctime, relname, pid, mode, granted FROM pg_locks, pg_class WHERE relfilenode = relation ORDER BY relname) TO STDOUT (FORMAT CSV);",active,2015-05-04 23:17:36.855401+01
1430777916.75251,dbt2,39037,10,mark,dbt2-client,,-1,2015-05-04 23:08:35.328219+01,2015-05-04 23:18:36.706202+01,2015-05-04 23:18:36.752152+01,f,COMMIT,active,2015-05-04 23:18:36.752153+01
1430777916.75251,dbt2,39039,10,mark,dbt2-client,,-1,2015-05-04 23:08:35.428054+01,2015-05-04 23:18:36.718171+01,2015-05-04 23:18:36.718199+01,t,"SELECT payment(2, 5, 0, 2, 5, 'ABLEESEPRES', 2675.630000)",active,2015-05-04 23:18:36.718199+01
1430777916.75251,dbt2,39041,10,mark,dbt2-client,,-1,2015-05-04 23:08:35.528229+01,2015-05-04 23:18:36.662102+01,2015-05-04 23:18:36.662138+01,t,"SELECT payment(1, 3, 992, 1, 3, '', 4524.030000)",active,2015-05-04 23:18:36.662138+01
1430777916.75251,dbt2,39043,10,mark,dbt2-client,,-1,2015-05-04 23:08:35.628356+01,2015-05-04 23:18:36.717576+01,2015-05-04 23:18:36.717601+01,t,"SELECT payment(1, 7, 0, 1, 7, 'ESEBARPRI', 4573.060000)",active,2015-05-04 23:18:36.717602+01
1430777916.75251,dbt2,39045,10,mark,dbt2-client,,-1,2015-05-04 23:08:35.728427+01,2015-05-04 23:18:36.716403+01,2015-05-04 23:18:36.752231+01,f,COMMIT,active,2015-05-04 23:18:36.752231+01
1430777916.75251,dbt2,39047,10,mark,dbt2-client,,-1,2015-05-04 23:08:35.82855+01,2015-05-04 23:18:36.685107+01,2015-05-04 23:18:36.685744+01,t,"SELECT payment(2, 2, 2644, 2, 2, '', 3250.320000)",active,2015-05-04 23:18:36.685745+01
1430777916.75251,dbt2,39049,10,mark,dbt2-client,,-1,2015-05-04 23:08:35.928715+01,2015-05-04 23:18:36.716619+01,2015-05-04 23:18:36.716644+01,t,"SELECT payment(1, 6, 0, 1, 6, 'ABLEESEESE', 643.350000)",active,2015-05-04 23:18:36.716644+01
1430777916.75251,dbt2,39051,10,mark,dbt2-client,,-1,2015-05-04 23:08:36.028877+01,2015-05-04 23:18:36.719924+01,2015-05-04 23:18:36.719954+01,t,"SELECT payment(1, 6, 1016, 1, 6, '', 2832.950000)",active,2015-05-04 23:18:36.719954+01
1430777916.75251,dbt2,39053,10,mark,dbt2-client,,-1,2015-05-04 23:08:36.129021+01,2015-05-04 23:18:36.747943+01,2015-05-04 23:18:36.747994+01,t,"SELECT payment(1, 8, 976, 1, 6, '', 4972.220000)",active,2015-05-04 23:18:36.747994+01
1430777916.75251,dbt2,39055,10,mark,dbt2-client,,-1,2015-05-04 23:08:36.229189+01,2015-05-04 23:18:36.685218+01,2015-05-04 23:18:36.685244+01,t,"SELECT payment(2, 4, 1654, 1, 4, '', 4827.710000)",active,2015-05-04 23:18:36.685244+01
1430777916.75251,dbt2,39064,10,mark,dbt2-client,,-1,2015-05-04 23:08:36.329476+01,2015-05-04 23:18:36.685182+01,2015-05-04 23:18:36.685869+01,t,"SELECT payment(2, 9, 0, 2, 9, 'CALLYBARPRI', 1918.580000)",active,2015-05-04 23:18:36.68587+01
1430777916.75251,dbt2,39160,10,mark,dbt2-client,,-1,2015-05-04 23:08:36.532068+01,2015-05-04 23:18:36.690011+01,2015-05-04 23:18:36.690041+01,t,"SELECT payment(1, 9, 0, 1, 9, 'PRESPRIESE', 2612.900000)",active,2015-05-04 23:18:36.690041+01
1430777916.75251,dbt2,39126,10,mark,dbt2-client,,-1,2015-05-04 23:08:36.437194+01,2015-05-04 23:18:36.7479+01,2015-05-04 23:18:36.752275+01,f,COMMIT,active,2015-05-04 23:18:36.752275+01
1430777916.75251,dbt2,39188,10,mark,dbt2-client,,-1,2015-05-04 23:08:36.632254+01,2015-05-04 23:18:36.747926+01,2015-05-04 23:18:36.752307+01,f,COMMIT,active,2015-05-04 23:18:36.752307+01
1430777916.75251,dbt2,39192,10,mark,dbt2-client,,-1,2015-05-04 23:08:36.732354+01,2015-05-04 23:18:36.667069+01,2015-05-04 23:18:36.667096+01,t,"SELECT payment(2, 3, 0, 2, 3, 'PRESPRESPRI', 3749.850000)",active,2015-05-04 23:18:36.667096+01
1430777916.75251,dbt2,39196,10,mark,dbt2-client,,-1,2015-05-04 23:08:36.835902+01,2015-05-04 23:18:36.715442+01,2015-05-04 23:18:36.715985+01,t,"SELECT payment(1, 2, 0, 1, 2, 'CALLYPRIESE', 1012.780000)",active,2015-05-04 23:18:36.715986+01
1430777916.75251,dbt2,39200,10,mark,dbt2-client,,-1,2015-05-04 23:08:36.934594+01,2015-05-04 23:18:36.748913+01,2015-05-04 23:18:36.748941+01,t,"SELECT payment(2, 9, 0, 1, 10, 'OUGHTEINGOUGHT', 3074.480000)",active,2015-05-04 23:18:36.748941+01
1430777916.75251,dbt2,39204,10,mark,dbt2-client,,-1,2015-05-04 23:08:37.038369+01,,2015-05-04 23:18:36.747282+01,f,COMMIT,idle,2015-05-04 23:18:36.748334+01
1430777916.75251,dbt2,39209,10,mark,dbt2-client,,-1,2015-05-04 23:08:37.136517+01,2015-05-04 23:18:36.666876+01,2015-05-04 23:18:36.666923+01,t,"SELECT payment(1, 7, 0, 1, 7, 'CALLYESEOUGHT', 1677.070000)",active,2015-05-04 23:18:36.666923+01
1430777916.75251,dbt2,39213,10,mark,dbt2-client,,-1,2015-05-04 23:08:37.236994+01,2015-05-04 23:18:36.716586+01,2015-05-04 23:18:36.716775+01,t,"SELECT payment(1, 8, 0, 1, 8, 'PRESABLEOUGHT', 1881.330000)",active,2015-05-04 23:18:36.716776+01
1430777916.75251,dbt2,39537,10,mark,psql,,-1,2015-05-04 23:18:36.744895+01,2015-05-04 23:18:36.746696+01,2015-05-04 23:18:36.746696+01,f,"COPY (SELECT EXTRACT(EPOCH FROM TRANSACTION_TIMESTAMP()) AS ctime, a.schemaname, a.relname, seq_scan, seq_tup_read, idx_scan, idx_tup_fetch, n_tup_ins, n_tup_upd, n_tup_del, n_tup_hot_upd, n_live_tup, n_dead_tup, heap_blks_read, heap_blks_hit, idx_blks_read, idx_blks_hit, toast_blks_read, toast_blks_hit, tidx_blks_read, tidx_blks_hit FROM pg_statio_all_tables a, pg_stat_all_tables b WHERE a.relid = b.relid) TO STDOUT (FORMAT CSV);",active,2015-05-04 23:18:36.746701+01
1430777916.75251,dbt2,39535,10,mark,psql,,-1,2015-05-04 23:18:36.735364+01,2015-05-04 23:18:36.737012+01,2015-05-04 23:18:36.737012+01,f,"COPY (SELECT EXTRACT(EPOCH FROM TRANSACTION_TIMESTAMP()) AS ctime, a.schemaname, a.relname, a.indexrelname, idx_scan, idx_tup_read, idx_tup_fetch, idx_blks_read, idx_blks_hit FROM pg_stat_all_indexes a, pg_statio_all_indexes b WHERE a.indexrelid = b.indexrelid) TO STDOUT (FORMAT CSV);",active,2015-05-04 23:18:36.737018+01
1430777916.75251,dbt2,39536,10,mark,psql,,-1,2015-05-04 23:18:36.736175+01,2015-05-04 23:18:36.739338+01,2015-05-04 23:18:36.739338+01,f,"COPY (SELECT EXTRACT(EPOCH FROM TRANSACTION_TIMESTAMP()) AS ctime, datname, numbackends, xact_commit, xact_rollback, blks_read, blks_hit, tup_returned, tup_fetched, tup_inserted, tup_updated, tup_deleted FROM pg_stat_database) TO STDOUT (FORMAT CSV);",active,2015-05-04 23:18:36.739343+01
1430777916.75251,dbt2,39538,10,mark,psql,,-1,2015-05-04 23:18:36.745296+01,2015-05-04 23:18:36.752513+01,2015-05-04 23:18:36.752513+01,f,"COPY (SELECT EXTRACT(EPOCH FROM TRANSACTION_TIMESTAMP()) AS ctime, datname, pid, usesysid, usename, application_name, client_addr, client_port, backend_start, xact_start, query_start, waiting, query , state, state_change FROM pg_stat_activity) TO STDOUT (FORMAT CSV);",active,2015-05-04 23:18:36.752518+01
1430777976.75496,dbt2,39639,10,mark,psql,,-1,2015-05-04 23:19:33.315407+01,2015-05-04 23:19:33.317047+01,2015-05-04 23:19:33.31723+01,f,COPY stock FROM STDIN DELIMITER '	' NULL '';,active,2015-05-04 23:19:33.317231+01
1430777976.75496,dbt2,39645,10,mark,psql,,-1,2015-05-04 23:19:36.737727+01,2015-05-04 23:19:36.739904+01,2015-05-04 23:19:36.739904+01,f,"COPY (SELECT EXTRACT(EPOCH FROM TRANSACTION_TIMESTAMP()) AS ctime, a.schemaname, a.relname, seq_scan, seq_tup_read, idx_scan, idx_tup_fetch, n_tup_ins, n_tup_upd, n_tup_del, n_tup_hot_upd, n_live_tup, n_dead_tup, heap_blks_read, heap_blks_hit, idx_blks_read, idx_blks_hit, toast_blks_read, toast_blks_hit, tidx_blks_read, tidx_blks_hit FROM pg_statio_all_tables a, pg_stat_all_tables b WHERE a.relid = b.relid) TO STDOUT (FORMAT CSV);",active,2015-05-04 23:19:36.739911+01
1430777976.75496,dbt2,39646,10,mark,psql,,-1,2015-05-04 23:19:36.744573+01,2015-05-04 23:19:36.754961+01,2015-05-04 23:19:36.754961+01,f,"COPY (SELECT EXTRACT(EPOCH FROM TRANSACTION_TIMESTAMP()) AS ctime, datname, pid, usesysid, usename, application_name, client_addr, client_port, backend_start, xact_start, query_start, waiting, query , state, state_change FROM pg_stat_activity) TO STDOUT (FORMAT CSV);",active,2015-05-04 23:19:36.754968+01
1430777976.75496,dbt2,39647,10,mark,psql,,-1,2015-05-04 23:19:36.745355+01,,,f,"",idle,2015-05-04 23:19:36.754829+01
