ctime,schemaname,relname,seq_scan,seq_tup_read,idx_scan,idx_tup_fetch,n_tup_ins,n_tup_upd,n_tup_del,n_tup_hot_upd,n_live_tup,n_dead_tup,heap_blks_read,heap_blks_hit,idx_blks_read,idx_blks_hit,toast_blks_read,toast_blks_hit,tidx_blks_read,tidx_blks_hit
1430777316.60879,pg_catalog,pg_operator,3,2295,249,1320,0,0,0,0,765,0,42,935,20,568,,,,
1430777316.60879,pg_catalog,pg_extension,3,3,0,0,0,0,0,0,1,0,2,2,0,0,,,,
1430777316.60879,pg_catalog,pg_authid,659,659,14220,14220,0,0,0,0,1,0,202,14700,676,27764,,,,
1430777316.60879,public,history,1,60000,,,60003,0,0,0,60003,0,1289,1927,,,,,,
1430777316.60879,pg_catalog,pg_statistic,2,798,1183,998,92,399,0,180,92,297,60,1962,13,3027,32,276,4,247
1430777316.60879,pg_catalog,pg_opfamily,3,258,0,0,0,0,0,0,86,0,4,4,0,0,,,,
1430777316.60879,pg_catalog,pg_shdescription,50,147,23,0,0,0,0,0,3,0,47,26,47,0,0,0,0,0
1430777316.60879,pg_catalog,pg_event_trigger,3,0,27,0,0,0,0,0,0,0,0,0,2,25,,,,
1430777316.60879,pg_catalog,pg_user_mapping,3,0,0,0,0,0,0,0,0,0,0,0,0,0,,,,
1430777316.60879,pg_catalog,pg_inherits,3,0,84,0,0,0,0,0,0,0,0,0,2,82,,,,
1430777316.60879,pg_toast,pg_toast_3596,0,0,0,0,0,0,0,0,0,0,0,0,0,0,,,,
1430777316.60879,pg_catalog,pg_rewrite,3,327,9,9,0,0,0,0,109,0,23,30,4,12,45,46,8,138
1430777316.60879,pg_catalog,pg_foreign_data_wrapper,3,0,0,0,0,0,0,0,0,0,0,0,0,0,,,,
1430777316.60879,pg_catalog,pg_largeobject_metadata,2,0,0,0,0,0,0,0,0,0,0,0,0,0,,,,
1430777316.60879,pg_catalog,pg_opclass,9,390,373,4684,0,0,0,0,128,0,9,1666,12,477,,,,
1430777316.60879,pg_catalog,pg_attrdef,3,0,0,0,0,0,0,0,0,0,0,0,0,0,0,0,0,0
1430777316.60879,pg_catalog,pg_default_acl,3,0,59,0,0,0,0,0,0,0,0,0,2,57,,,,
1430777316.60879,pg_catalog,pg_aggregate,2,266,4,4,0,0,0,0,133,0,5,5,4,4,,,,
1430777316.60879,pg_toast,pg_toast_12329,0,0,0,0,0,0,0,0,0,0,0,0,0,0,,,,
1430777316.60879,pg_catalog,pg_ts_dict,3,48,0,0,0,0,0,0,16,0,2,2,0,0,,,,
1430777316.60879,pg_catalog,pg_index,32,1134,1116,1367,27,0,17,0,123,17,13,1237,12,1324,,,,
1430777316.60879,public,item,4,400000,56,56,100000,0,0,0,100000,0,2612,7810,47,72,,,,
1430777316.60879,pg_catalog,pg_tablespace,141,282,5396,5396,0,0,0,0,2,0,158,5402,302,10552,,,,
1430777316.60879,pg_toast,pg_toast_2619,0,0,163,384,70,0,9,0,61,9,32,276,4,247,,,,
1430777316.60879,pg_catalog,pg_constraint,5,50,8,0,8,0,0,0,10,0,6,33,8,64,0,0,0,0
1430777316.60879,pg_toast,pg_toast_2618,0,0,67,209,0,0,0,0,0,0,45,46,4,69,,,,
1430777316.60879,pg_catalog,pg_cast,3,594,1746,357,0,0,0,0,198,0,6,359,6,1782,,,,
1430777316.60879,pg_catalog,pg_ts_config,3,48,0,0,0,0,0,0,16,0,2,2,0,0,,,,
1430777316.60879,pg_catalog,pg_ts_parser,3,3,0,0,0,0,0,0,1,0,2,2,0,0,,,,
1430777316.60879,pg_toast,pg_toast_2620,0,0,0,0,0,0,0,0,0,0,0,0,0,0,,,,
1430777316.60879,pg_toast,pg_toast_2396,0,0,0,0,0,0,0,0,0,0,0,0,0,0,,,,
1430777316.60879,public,new_order,4,72000,0,0,18005,0,0,0,18005,0,199,588,6,11,,,,
1430777316.60879,pg_catalog,pg_largeobject,2,0,0,0,0,0,0,0,0,0,0,0,0,0,,,,
1430777316.60879,pg_catalog,pg_enum,4,0,0,0,0,0,0,0,0,0,0,0,0,0,,,,
1430777316.60879,pg_catalog,pg_foreign_table,2,0,0,0,0,0,0,0,0,0,0,0,0,0,,,,
1430777316.60879,pg_catalog,pg_collation,3,1806,0,0,0,0,0,0,602,0,38,38,0,0,,,,
1430777316.60879,pg_catalog,pg_am,107,119,0,0,0,0,0,0,5,0,3,105,0,0,,,,
1430777316.60879,pg_catalog,pg_proc,3,8073,322,375,6,0,0,0,2691,0,160,491,35,724,0,0,0,0
1430777316.60879,pg_catalog,pg_shdepend,69,69,7822,1956,0,0,0,0,1,0,47,2001,188,8142,,,,
1430777316.60879,pg_catalog,pg_language,4,16,10,10,0,0,0,0,4,0,2,13,4,18,,,,
1430777316.60879,public,district,28,420,0,0,20,8,0,8,20,8,3,33,1,13,,,,
1430777316.60879,pg_catalog,pg_range,2,12,2,0,0,0,0,0,6,0,2,1,2,2,,,,
1430777316.60879,public,stock,4,800000,298,112,200000,56,0,0,200000,56,45965,23838,174,897,,,,
1430777316.60879,pg_catalog,pg_attribute,37,7825,2862,10285,1401,20,1219,4,2491,1215,141,6466,37,11501,,,,
1430777316.60879,pg_catalog,pg_database,2589,9965,78545,78497,24,0,23,0,4,0,120,81082,868,95458,,,,
1430777316.60879,public,warehouse,18,30,0,0,2,3,0,3,2,3,3,17,1,10,,,,
1430777316.60879,pg_catalog,pg_conversion,4,528,0,0,0,0,0,0,132,0,6,9,0,0,,,,
1430777316.60879,pg_catalog,pg_type,3,1093,1477,1118,173,0,151,0,361,151,26,1492,20,3485,,,,
1430777316.60879,pg_catalog,pg_trigger,4,0,0,0,0,0,0,0,0,0,0,0,0,0,0,0,0,0
1430777316.60879,information_schema,sql_implementation_info,1,12,,,0,0,0,0,12,0,2,0,,,0,0,0,0
1430777316.60879,information_schema,sql_languages,1,4,,,0,0,0,0,4,0,2,0,,,0,0,0,0
1430777316.60879,pg_toast,pg_toast_12309,0,0,0,0,0,0,0,0,0,0,0,0,0,0,,,,
1430777316.60879,pg_toast,pg_toast_12334,0,0,0,0,0,0,0,0,0,0,0,0,0,0,,,,
1430777316.60879,pg_catalog,pg_amop,4,1744,286,366,0,0,0,0,436,0,12,374,21,641,,,,
1430777316.60879,pg_toast,pg_toast_1255,0,0,0,0,0,0,0,0,0,0,0,0,0,0,,,,
1430777316.60879,pg_toast,pg_toast_12314,0,0,0,0,0,0,0,0,0,0,0,0,0,0,,,,
1430777316.60879,pg_toast,pg_toast_12324,0,0,0,0,0,0,0,0,0,0,0,0,0,0,,,,
1430777316.60879,public,customer,6,360000,14,53,60000,3,0,0,60000,3,27746,18710,18,74,,,,
1430777316.60879,pg_catalog,pg_amproc,9,1044,275,448,0,0,0,0,344,0,9,285,9,634,,,,
1430777316.60879,pg_toast,pg_toast_2964,0,0,0,0,0,0,0,0,0,0,0,0,0,0,,,,
1430777316.60879,pg_catalog,pg_ts_template,3,15,0,0,0,0,0,0,5,0,2,2,0,0,,,,
1430777316.60879,public,orders,6,360000,0,0,60005,0,0,0,60005,0,969,3864,15,31,,,,
1430777316.60879,pg_catalog,pg_db_role_setting,69,0,35508,0,0,0,0,0,0,0,0,0,207,35301,0,0,0,0
1430777316.60879,pg_toast,pg_toast_2609,0,0,0,0,0,0,0,0,0,0,0,0,0,0,,,,
1430777316.60879,information_schema,sql_parts,1,9,,,0,0,0,0,9,0,2,0,,,0,0,0,0
1430777316.60879,pg_catalog,pg_class,59,4804,3496,3142,122,324,101,68,316,359,29,4837,33,8653,,,,
1430777316.60879,pg_catalog,pg_seclabel,2,0,252,0,0,0,0,0,0,0,0,0,2,250,0,0,0,0
1430777316.60879,pg_catalog,pg_ts_config_map,2,608,0,0,0,0,0,0,304,0,4,2,0,0,,,,
1430777316.60879,information_schema,sql_sizing,1,23,,,0,0,0,0,23,0,2,0,,,0,0,0,0
1430777316.60879,pg_toast,pg_toast_12339,0,0,0,0,0,0,0,0,0,0,0,0,0,0,,,,
1430777316.60879,information_schema,sql_packages,1,10,,,0,0,0,0,10,0,2,0,,,0,0,0,0
1430777316.60879,pg_toast,pg_toast_2606,0,0,0,0,0,0,0,0,0,0,0,0,0,0,,,,
1430777316.60879,pg_catalog,pg_pltemplate,46,368,0,0,0,0,0,0,8,0,46,23,0,0,,,,
1430777316.60879,pg_catalog,pg_auth_members,69,0,0,0,0,0,0,0,0,0,0,0,0,0,,,,
1430777316.60879,pg_catalog,pg_depend,3,20120,2731,2507,348,0,256,0,6672,256,103,3172,39,6884,,,,
1430777316.60879,pg_toast,pg_toast_2604,0,0,0,0,0,0,0,0,0,0,0,0,0,0,,,,
1430777316.60879,pg_catalog,pg_shseclabel,46,0,23,0,0,0,0,0,0,0,0,0,23,0,,,,
1430777316.60879,information_schema,sql_features,1,672,,,0,0,0,0,672,0,14,0,,,0,0,0,0
1430777316.60879,pg_toast,pg_toast_12319,0,0,0,0,0,0,0,0,0,0,0,0,0,0,,,,
1430777316.60879,pg_catalog,pg_description,2,7372,252,0,0,0,0,0,3686,0,64,32,6,501,0,0,0,0
1430777316.60879,pg_catalog,pg_namespace,7,42,338,253,0,0,0,0,6,0,3,258,11,429,,,,
1430777316.60879,public,order_line,4,2274320,1,186,568636,0,0,0,568636,0,35858,20363,11,169,,,,
1430777316.60879,information_schema,sql_sizing_profiles,1,0,,,0,0,0,0,0,0,0,0,,,0,0,0,0
1430777316.60879,pg_catalog,pg_foreign_server,3,0,0,0,0,0,0,0,0,0,0,0,0,0,,,,
1430777376.61785,pg_catalog,pg_operator,3,2295,866,5336,0,0,0,0,765,0,42,3743,20,1854,,,,
1430777376.61785,pg_catalog,pg_extension,3,3,0,0,0,0,0,0,1,0,2,2,0,0,,,,
1430777376.61785,pg_catalog,pg_authid,662,662,14340,14340,0,0,0,0,1,0,203,14822,680,28000,,,,
1430777376.61785,public,history,1,60000,,,93549,0,0,0,93562,0,2331,36487,,,,,,
1430777376.61785,pg_catalog,pg_statistic,2,798,4099,3908,92,557,0,197,491,167,92,5453,13,9184,46,1383,4,1014
1430777376.61785,pg_catalog,pg_opfamily,3,258,0,0,0,0,0,0,86,0,4,4,0,0,,,,
1430777376.61785,pg_catalog,pg_shdescription,50,147,23,0,0,0,0,0,3,0,47,26,47,0,0,0,0,0
1430777376.61785,pg_catalog,pg_event_trigger,3,0,27,0,0,0,0,0,0,0,0,0,2,25,,,,
1430777376.61785,pg_catalog,pg_user_mapping,3,0,0,0,0,0,0,0,0,0,0,0,0,0,,,,
1430777376.61785,pg_catalog,pg_inherits,3,0,84,0,0,0,0,0,0,0,0,0,2,82,,,,
1430777376.61785,pg_toast,pg_toast_3596,0,0,0,0,0,0,0,0,0,0,0,0,0,0,,,,
1430777376.61785,pg_catalog,pg_rewrite,3,327,16,16,0,0,0,0,109,0,27,33,4,24,51,47,8,154
1430777376.61785,pg_catalog,pg_foreign_data_wrapper,3,0,0,0,0,0,0,0,0,0,0,0,0,0,,,,
1430777376.61785,pg_catalog,pg_largeobject_metadata,2,0,0,0,0,0,0,0,0,0,0,0,0,0,,,,
1430777376.61785,pg_catalog,pg_opclass,13,394,680,9258,0,0,0,0,128,0,9,3389,12,821,,,,
1430777376.61785,pg_catalog,pg_attrdef,3,0,0,0,0,0,0,0,0,0,0,0,0,0,0,0,0,0
1430777376.61785,pg_catalog,pg_default_acl,3,0,59,0,0,0,0,0,0,0,0,0,2,57,,,,
1430777376.61785,pg_catalog,pg_aggregate,2,266,44,44,0,0,0,0,133,0,5,45,4,64,,,,
1430777376.61785,pg_toast,pg_toast_12329,0,0,0,0,0,0,0,0,0,0,0,0,0,0,,,,
1430777376.61785,pg_catalog,pg_ts_dict,3,48,0,0,0,0,0,0,16,0,2,2,0,0,,,,
1430777376.61785,pg_catalog,pg_index,51,1763,1831,2167,27,0,17,0,123,17,13,1989,12,2073,,,,
1430777376.61785,public,item,4,400000,363569,363251,100000,0,0,0,100000,0,3845,369772,276,728581,,,,
1430777376.61785,pg_catalog,pg_tablespace,141,282,5451,5451,0,0,0,0,2,0,159,5456,305,10661,,,,
1430777376.61785,pg_toast,pg_toast_2619,0,0,860,2531,127,0,66,0,61,66,46,1383,4,1014,,,,
1430777376.61785,pg_catalog,pg_constraint,5,50,8,0,8,0,0,0,10,0,6,33,8,64,0,0,0,0
1430777376.61785,pg_toast,pg_toast_2618,0,0,72,225,0,0,0,0,0,0,51,47,4,77,,,,
1430777376.61785,pg_catalog,pg_cast,3,594,4590,937,0,0,0,0,198,0,6,939,6,4644,,,,
1430777376.61785,pg_catalog,pg_ts_config,3,48,0,0,0,0,0,0,16,0,2,2,0,0,,,,
1430777376.61785,pg_catalog,pg_ts_parser,3,3,0,0,0,0,0,0,1,0,2,2,0,0,,,,
1430777376.61785,pg_toast,pg_toast_2620,0,0,0,0,0,0,0,0,0,0,0,0,0,0,,,,
1430777376.61785,pg_toast,pg_toast_2396,0,0,0,0,0,0,0,0,0,0,0,0,0,0,,,,
1430777376.61785,public,new_order,4,72000,60780,58294,52566,0,27700,0,24574,14525,423,292401,306,263642,,,,
1430777376.61785,pg_catalog,pg_largeobject,2,0,0,0,0,0,0,0,0,0,0,0,0,0,,,,
1430777376.61785,pg_catalog,pg_enum,4,0,0,0,0,0,0,0,0,0,0,0,0,0,,,,
1430777376.61785,pg_catalog,pg_foreign_table,2,0,0,0,0,0,0,0,0,0,0,0,0,0,,,,
1430777376.61785,pg_catalog,pg_collation,3,1806,0,0,0,0,0,0,602,0,38,38,0,0,,,,
1430777376.61785,pg_catalog,pg_am,123,135,0,0,0,0,0,0,5,0,3,121,0,0,,,,
1430777376.61785,pg_catalog,pg_proc,3,8073,1185,1551,6,0,0,0,2691,0,168,1480,38,2510,0,0,0,0
1430777376.61785,pg_catalog,pg_shdepend,69,69,7822,1956,0,0,0,0,1,0,47,2001,188,8142,,,,
1430777376.61785,pg_catalog,pg_language,4,16,10,10,0,0,0,0,4,0,2,13,4,18,,,,
1430777376.61785,public,district,68771,1284420,79527,79527,20,68115,0,67739,20,292,111,1248011,2,79948,,,,
1430777376.61785,pg_catalog,pg_range,2,12,2,0,0,0,0,0,6,0,2,1,2,2,,,,
1430777376.61785,public,stock,4,800000,826084,731136,200000,363251,0,0,199105,233040,58072,1292401,1484,3578743,,,,
1430777376.61785,pg_catalog,pg_attribute,59,7975,5338,18359,1401,20,1219,4,2491,0,193,9865,59,16522,,,,
1430777376.61785,pg_catalog,pg_database,2592,9971,78742,78694,24,0,23,0,4,0,120,81282,872,95772,,,,
1430777376.61785,public,warehouse,40877,61754,70791,70791,2,33549,0,32867,2,1031,87,1455783,2,71515,,,,
1430777376.61785,pg_catalog,pg_conversion,4,528,0,0,0,0,0,0,132,0,6,9,0,0,,,,
1430777376.61785,pg_catalog,pg_type,3,1093,2293,1934,173,0,151,0,361,0,34,2335,25,5137,,,,
1430777376.61785,pg_catalog,pg_trigger,4,0,0,0,0,0,0,0,0,0,0,0,0,0,0,0,0,0
1430777376.61785,information_schema,sql_implementation_info,1,12,,,0,0,0,0,12,0,2,0,,,0,0,0,0
1430777376.61785,information_schema,sql_languages,1,4,,,0,0,0,0,4,0,2,0,,,0,0,0,0
1430777376.61785,pg_toast,pg_toast_12309,0,0,0,0,0,0,0,0,0,0,0,0,0,0,,,,
1430777376.61785,pg_toast,pg_toast_12334,0,0,0,0,0,0,0,0,0,0,0,0,0,0,,,,
1430777376.61785,pg_catalog,pg_amop,4,1744,706,911,0,0,0,0,436,0,12,919,23,1513,,,,
1430777376.61785,pg_toast,pg_toast_1255,0,0,0,0,0,0,0,0,0,0,0,0,0,0,,,,
1430777376.61785,pg_toast,pg_toast_12314,0,0,0,0,0,0,0,0,0,0,0,0,0,0,,,,
1430777376.61785,pg_toast,pg_toast_12324,0,0,0,0,0,0,0,0,0,0,0,0,0,0,,,,
1430777376.61785,public,customer,6,360000,157174,403870,60000,63939,0,53625,60010,13079,33077,523563,802,535985,,,,
1430777376.61785,pg_catalog,pg_amproc,13,1052,469,707,0,0,0,0,344,0,9,485,9,1038,,,,
1430777376.61785,pg_toast,pg_toast_2964,0,0,0,0,0,0,0,0,0,0,0,0,0,0,,,,
1430777376.61785,pg_catalog,pg_ts_template,3,15,0,0,0,0,0,0,5,0,2,2,0,0,,,,
1430777376.61785,public,orders,6,360000,63865,67433,94566,30390,0,22454,94313,8897,1819,155295,950,448385,,,,
1430777376.61785,pg_catalog,pg_db_role_setting,69,0,35752,0,0,0,0,0,0,0,0,0,208,35544,0,0,0,0
1430777376.61785,pg_toast,pg_toast_2609,0,0,0,0,0,0,0,0,0,0,0,0,0,0,,,,
1430777376.61785,information_schema,sql_parts,1,9,,,0,0,0,0,9,0,2,0,,,0,0,0,0
1430777376.61785,pg_catalog,pg_class,93,7689,5821,5304,122,324,101,68,316,0,33,7250,34,11606,,,,
1430777376.61785,pg_catalog,pg_seclabel,2,0,252,0,0,0,0,0,0,0,0,0,2,250,0,0,0,0
1430777376.61785,pg_catalog,pg_ts_config_map,2,608,0,0,0,0,0,0,304,0,4,2,0,0,,,,
1430777376.61785,information_schema,sql_sizing,1,23,,,0,0,0,0,23,0,2,0,,,0,0,0,0
1430777376.61785,pg_toast,pg_toast_12339,0,0,0,0,0,0,0,0,0,0,0,0,0,0,,,,
1430777376.61785,information_schema,sql_packages,1,10,,,0,0,0,0,10,0,2,0,,,0,0,0,0
1430777376.61785,pg_toast,pg_toast_2606,0,0,0,0,0,0,0,0,0,0,0,0,0,0,,,,
1430777376.61785,pg_catalog,pg_pltemplate,46,368,0,0,0,0,0,0,8,0,46,23,0,0,,,,
1430777376.61785,pg_catalog,pg_auth_members,69,0,0,0,0,0,0,0,0,0,0,0,0,0,,,,
1430777376.61785,pg_catalog,pg_depend,3,20120,2731,2507,348,0,256,0,6672,256,103,3172,39,6884,,,,
1430777376.61785,pg_toast,pg_toast_2604,0,0,0,0,0,0,0,0,0,0,0,0,0,0,,,,
1430777376.61785,pg_catalog,pg_shseclabel,46,0,23,0,0,0,0,0,0,0,0,0,23,0,,,,
1430777376.61785,information_schema,sql_features,1,672,,,0,0,0,0,672,0,14,0,,,0,0,0,0
1430777376.61785,pg_toast,pg_toast_12319,0,0,0,0,0,0,0,0,0,0,0,0,0,0,,,,
1430777376.61785,pg_catalog,pg_description,2,7372,252,0,0,0,0,0,3686,0,64,32,6,501,0,0,0,0
1430777376.61785,pg_catalog,pg_namespace,9,54,514,412,0,0,0,0,6,0,3,419,12,624,,,,
1430777376.61785,public,order_line,4,2274320,66911,728815,931831,299644,0,133344,883759,79947,51715,1517282,5633,1805497,,,,
1430777376.61785,information_schema,sql_sizing_profiles,1,0,,,0,0,0,0,0,0,0,0,,,0,0,0,0
1430777376.61785,pg_catalog,pg_foreign_server,3,0,0,0,0,0,0,0,0,0,0,0,0,0,,,,
1430777436.62381,pg_catalog,pg_operator,3,2295,889,5359,0,0,0,0,765,0,42,3766,20,1909,,,,
1430777436.62381,pg_catalog,pg_extension,3,3,0,0,0,0,0,0,1,0,2,2,0,0,,,,
1430777436.62381,pg_catalog,pg_authid,663,663,14352,14352,0,0,0,0,1,0,203,14835,680,28024,,,,
1430777436.62381,public,history,1,60000,,,128709,0,0,0,128716,0,3386,73080,,,,,,
1430777436.62381,pg_catalog,pg_statistic,2,798,5602,5405,92,635,0,218,491,83,104,7241,13,12334,61,2184,4,1485
1430777436.62381,pg_catalog,pg_opfamily,3,258,0,0,0,0,0,0,86,0,4,4,0,0,,,,
1430777436.62381,pg_catalog,pg_shdescription,50,147,23,0,0,0,0,0,3,0,47,26,47,0,0,0,0,0
1430777436.62381,pg_catalog,pg_event_trigger,3,0,27,0,0,0,0,0,0,0,0,0,2,25,,,,
1430777436.62381,pg_catalog,pg_user_mapping,3,0,0,0,0,0,0,0,0,0,0,0,0,0,,,,
1430777436.62381,pg_catalog,pg_inherits,3,0,84,0,0,0,0,0,0,0,0,0,2,82,,,,
1430777436.62381,pg_toast,pg_toast_3596,0,0,0,0,0,0,0,0,0,0,0,0,0,0,,,,
1430777436.62381,pg_catalog,pg_rewrite,3,327,23,23,0,0,0,0,109,0,27,40,4,36,51,54,8,170
1430777436.62381,pg_catalog,pg_foreign_data_wrapper,3,0,0,0,0,0,0,0,0,0,0,0,0,0,,,,
1430777436.62381,pg_catalog,pg_largeobject_metadata,2,0,0,0,0,0,0,0,0,0,0,0,0,0,,,,
1430777436.62381,pg_catalog,pg_opclass,17,398,736,9739,0,0,0,0,128,0,9,3573,12,885,,,,
1430777436.62381,pg_catalog,pg_attrdef,3,0,0,0,0,0,0,0,0,0,0,0,0,0,0,0,0,0
1430777436.62381,pg_catalog,pg_default_acl,3,0,59,0,0,0,0,0,0,0,0,0,2,57,,,,
1430777436.62381,pg_catalog,pg_aggregate,2,266,45,45,0,0,0,0,133,0,5,46,4,66,,,,
1430777436.62381,pg_toast,pg_toast_12329,0,0,0,0,0,0,0,0,0,0,0,0,0,0,,,,
1430777436.62381,pg_catalog,pg_ts_dict,3,48,0,0,0,0,0,0,16,0,2,2,0,0,,,,
1430777436.62381,pg_catalog,pg_index,70,2392,2255,2666,27,0,17,0,123,17,13,2449,12,2507,,,,
1430777436.62381,public,item,4,400000,751604,750914,100000,0,0,0,100000,0,3845,757435,276,1506477,,,,
1430777436.62381,pg_catalog,pg_tablespace,141,282,5456,5456,0,0,0,0,2,0,159,5461,305,10671,,,,
1430777436.62381,pg_toast,pg_toast_2619,0,0,1254,3723,183,0,122,0,70,58,61,2184,4,1485,,,,
1430777436.62381,pg_catalog,pg_constraint,5,50,8,0,8,0,0,0,10,0,6,33,8,64,0,0,0,0
1430777436.62381,pg_toast,pg_toast_2618,0,0,77,241,0,0,0,0,0,0,51,54,4,85,,,,
1430777436.62381,pg_catalog,pg_cast,3,594,4773,985,0,0,0,0,198,0,6,987,6,4833,,,,
1430777436.62381,pg_catalog,pg_ts_config,3,48,0,0,0,0,0,0,16,0,2,2,0,0,,,,
1430777436.62381,pg_catalog,pg_ts_parser,3,3,0,0,0,0,0,0,1,0,2,2,0,0,,,,
1430777436.62381,pg_toast,pg_toast_2620,0,0,0,0,0,0,0,0,0,0,0,0,0,0,,,,
1430777436.62381,pg_toast,pg_toast_2396,0,0,0,0,0,0,0,0,0,0,0,0,0,0,,,,
1430777436.62381,public,new_order,4,72000,125740,120562,89507,0,57360,0,31514,15500,507,697991,536,757721,,,,
1430777436.62381,pg_catalog,pg_largeobject,2,0,0,0,0,0,0,0,0,0,0,0,0,0,,,,
1430777436.62381,pg_catalog,pg_enum,4,0,0,0,0,0,0,0,0,0,0,0,0,0,,,,
1430777436.62381,pg_catalog,pg_foreign_table,2,0,0,0,0,0,0,0,0,0,0,0,0,0,,,,
1430777436.62381,pg_catalog,pg_collation,3,1806,0,0,0,0,0,0,602,0,38,38,0,0,,,,
1430777436.62381,pg_catalog,pg_am,127,139,0,0,0,0,0,0,5,0,3,125,0,0,,,,
1430777436.62381,pg_catalog,pg_proc,3,8073,1263,1664,6,0,0,0,2691,0,168,1573,38,2676,0,0,0,0
1430777436.62381,pg_catalog,pg_shdepend,69,69,7822,1956,0,0,0,0,1,0,47,2001,188,8142,,,,
1430777436.62381,pg_catalog,pg_language,4,16,10,10,0,0,0,0,4,0,2,13,4,18,,,,
1430777436.62381,public,district,68771,1284420,232062,232062,20,140216,0,139569,20,344,130,2833813,2,232775,,,,
1430777436.62381,pg_catalog,pg_range,2,12,2,0,0,0,0,0,6,0,2,1,2,2,,,,
1430777436.62381,public,stock,4,800000,1713916,1511463,200000,750914,0,0,199178,254025,58966,2586334,1539,7418498,,,,
1430777436.62381,pg_catalog,pg_attribute,81,8125,6293,23101,1401,20,1219,4,2491,0,193,11433,59,18453,,,,
1430777436.62381,pg_catalog,pg_database,2596,9987,78794,78746,24,0,23,0,4,0,120,81338,872,95840,,,,
1430777436.62381,public,warehouse,40877,61754,178052,178052,2,68709,0,67360,2,1031,103,2338500,2,179464,,,,
1430777436.62381,pg_catalog,pg_conversion,4,528,0,0,0,0,0,0,132,0,6,9,0,0,,,,
1430777436.62381,pg_catalog,pg_type,3,1093,2392,2033,173,0,151,0,361,0,34,2434,25,5341,,,,
1430777436.62381,pg_catalog,pg_trigger,4,0,0,0,0,0,0,0,0,0,0,0,0,0,0,0,0,0
1430777436.62381,information_schema,sql_implementation_info,1,12,,,0,0,0,0,12,0,2,0,,,0,0,0,0
1430777436.62381,information_schema,sql_languages,1,4,,,0,0,0,0,4,0,2,0,,,0,0,0,0
1430777436.62381,pg_toast,pg_toast_12309,0,0,0,0,0,0,0,0,0,0,0,0,0,0,,,,
1430777436.62381,pg_toast,pg_toast_12334,0,0,0,0,0,0,0,0,0,0,0,0,0,0,,,,
1430777436.62381,pg_catalog,pg_amop,4,1744,763,977,0,0,0,0,436,0,12,985,23,1637,,,,
1430777436.62381,pg_toast,pg_toast_1255,0,0,0,0,0,0,0,0,0,0,0,0,0,0,,,,
1430777436.62381,pg_toast,pg_toast_12314,0,0,0,0,0,0,0,0,0,0,0,0,0,0,,,,
1430777436.62381,pg_toast,pg_toast_12324,0,0,0,0,0,0,0,0,0,0,0,0,0,0,,,,
1430777436.62381,public,customer,6,360000,323158,791708,60000,131579,0,117978,59980,5626,33141,1035055,804,1057770,,,,
1430777436.62381,pg_catalog,pg_amproc,17,1060,521,785,0,0,0,0,344,0,9,546,9,1146,,,,
1430777436.62381,pg_toast,pg_toast_2964,0,0,0,0,0,0,0,0,0,0,0,0,0,0,,,,
1430777436.62381,pg_catalog,pg_ts_template,3,15,0,0,0,0,0,0,5,0,2,2,0,0,,,,
1430777436.62381,public,orders,6,360000,132049,148411,131507,62870,0,47879,130901,17199,2165,324591,1447,919009,,,,
1430777436.62381,pg_catalog,pg_db_role_setting,69,0,35784,0,0,0,0,0,0,0,0,0,208,35576,0,0,0,0
1430777436.62381,pg_toast,pg_toast_2609,0,0,0,0,0,0,0,0,0,0,0,0,0,0,,,,
1430777436.62381,information_schema,sql_parts,1,9,,,0,0,0,0,9,0,2,0,,,0,0,0,0
1430777436.62381,pg_catalog,pg_class,144,10591,7346,6706,122,324,101,68,316,0,33,8988,34,13439,,,,
1430777436.62381,pg_catalog,pg_seclabel,2,0,252,0,0,0,0,0,0,0,0,0,2,250,0,0,0,0
1430777436.62381,pg_catalog,pg_ts_config_map,2,608,0,0,0,0,0,0,304,0,4,2,0,0,,,,
1430777436.62381,information_schema,sql_sizing,1,23,,,0,0,0,0,23,0,2,0,,,0,0,0,0
1430777436.62381,pg_toast,pg_toast_12339,0,0,0,0,0,0,0,0,0,0,0,0,0,0,,,,
1430777436.62381,information_schema,sql_packages,1,10,,,0,0,0,0,10,0,2,0,,,0,0,0,0
1430777436.62381,pg_toast,pg_toast_2606,0,0,0,0,0,0,0,0,0,0,0,0,0,0,,,,
1430777436.62381,pg_catalog,pg_pltemplate,46,368,0,0,0,0,0,0,8,0,46,23,0,0,,,,
1430777436.62381,pg_catalog,pg_auth_members,69,0,0,0,0,0,0,0,0,0,0,0,0,0,,,,
1430777436.62381,pg_catalog,pg_depend,3,20120,2731,2507,348,0,256,0,6672,256,103,3172,39,6884,,,,
1430777436.62381,pg_toast,pg_toast_2604,0,0,0,0,0,0,0,0,0,0,0,0,0,0,,,,
1430777436.62381,pg_catalog,pg_shseclabel,46,0,23,0,0,0,0,0,0,0,0,0,23,0,,,,
1430777436.62381,information_schema,sql_features,1,672,,,0,0,0,0,672,0,14,0,,,0,0,0,0
1430777436.62381,pg_toast,pg_toast_12319,0,0,0,0,0,0,0,0,0,0,0,0,0,0,,,,
1430777436.62381,pg_catalog,pg_description,2,7372,252,0,0,0,0,0,3686,0,64,32,6,501,0,0,0,0
1430777436.62381,pg_catalog,pg_namespace,11,66,655,548,0,0,0,0,6,0,3,557,12,773,,,,
1430777436.62381,public,order_line,4,2274320,138433,1556525,1319494,641080,0,344545,1272872,264622,60899,2922751,8715,3586293,,,,
1430777436.62381,information_schema,sql_sizing_profiles,1,0,,,0,0,0,0,0,0,0,0,,,0,0,0,0
1430777436.62381,pg_catalog,pg_foreign_server,3,0,0,0,0,0,0,0,0,0,0,0,0,0,,,,
1430777496.62151,pg_catalog,pg_operator,3,2295,912,5382,0,0,0,0,765,0,42,3789,20,1964,,,,
1430777496.62151,pg_catalog,pg_extension,3,3,0,0,0,0,0,0,1,0,2,2,0,0,,,,
1430777496.62151,pg_catalog,pg_authid,664,664,14363,14363,0,0,0,0,1,0,203,14847,680,28046,,,,
1430777496.62151,public,history,1,60000,,,163336,0,0,0,163323,0,4426,109502,,,,,,
1430777496.62151,pg_catalog,pg_statistic,2,798,7105,6902,92,713,0,257,491,150,104,8934,13,15424,61,2879,4,1937
1430777496.62151,pg_catalog,pg_opfamily,3,258,0,0,0,0,0,0,86,0,4,4,0,0,,,,
1430777496.62151,pg_catalog,pg_shdescription,50,147,23,0,0,0,0,0,3,0,47,26,47,0,0,0,0,0
1430777496.62151,pg_catalog,pg_event_trigger,3,0,27,0,0,0,0,0,0,0,0,0,2,25,,,,
1430777496.62151,pg_catalog,pg_user_mapping,3,0,0,0,0,0,0,0,0,0,0,0,0,0,,,,
1430777496.62151,pg_catalog,pg_inherits,3,0,84,0,0,0,0,0,0,0,0,0,2,82,,,,
1430777496.62151,pg_toast,pg_toast_3596,0,0,0,0,0,0,0,0,0,0,0,0,0,0,,,,
1430777496.62151,pg_catalog,pg_rewrite,3,327,30,30,0,0,0,0,109,0,27,47,4,48,51,61,8,186
1430777496.62151,pg_catalog,pg_foreign_data_wrapper,3,0,0,0,0,0,0,0,0,0,0,0,0,0,,,,
1430777496.62151,pg_catalog,pg_largeobject_metadata,2,0,0,0,0,0,0,0,0,0,0,0,0,0,,,,
1430777496.62151,pg_catalog,pg_opclass,17,398,767,10195,0,0,0,0,128,0,9,3728,12,926,,,,
1430777496.62151,pg_catalog,pg_attrdef,3,0,0,0,0,0,0,0,0,0,0,0,0,0,0,0,0,0
1430777496.62151,pg_catalog,pg_default_acl,3,0,59,0,0,0,0,0,0,0,0,0,2,57,,,,
1430777496.62151,pg_catalog,pg_aggregate,2,266,46,46,0,0,0,0,133,0,5,47,4,68,,,,
1430777496.62151,pg_toast,pg_toast_12329,0,0,0,0,0,0,0,0,0,0,0,0,0,0,,,,
1430777496.62151,pg_catalog,pg_ts_dict,3,48,0,0,0,0,0,0,16,0,2,2,0,0,,,,
1430777496.62151,pg_catalog,pg_index,75,3007,2550,3015,27,0,17,0,123,17,13,2758,12,2814,,,,
1430777496.62151,public,item,4,400000,1136925,1135885,100000,0,0,0,100000,0,3845,1142406,276,2278924,,,,
1430777496.62151,pg_catalog,pg_tablespace,141,282,5461,5461,0,0,0,0,2,0,159,5466,305,10681,,,,
1430777496.62151,pg_toast,pg_toast_2619,0,0,1648,4915,239,0,178,0,70,114,61,2879,4,1937,,,,
1430777496.62151,pg_catalog,pg_constraint,5,50,8,0,8,0,0,0,10,0,6,33,8,64,0,0,0,0
1430777496.62151,pg_toast,pg_toast_2618,0,0,82,257,0,0,0,0,0,0,51,61,4,93,,,,
1430777496.62151,pg_catalog,pg_cast,3,594,4956,1033,0,0,0,0,198,0,6,1035,6,5022,,,,
1430777496.62151,pg_catalog,pg_ts_config,3,48,0,0,0,0,0,0,16,0,2,2,0,0,,,,
1430777496.62151,pg_catalog,pg_ts_parser,3,3,0,0,0,0,0,0,1,0,2,2,0,0,,,,
1430777496.62151,pg_toast,pg_toast_2620,0,0,0,0,0,0,0,0,0,0,0,0,0,0,,,,
1430777496.62151,pg_toast,pg_toast_2396,0,0,0,0,0,0,0,0,0,0,0,0,0,0,,,,
1430777496.62151,public,new_order,4,72000,190420,182421,126211,0,86630,0,38596,16269,539,1101040,659,1266525,,,,
1430777496.62151,pg_catalog,pg_largeobject,2,0,0,0,0,0,0,0,0,0,0,0,0,0,,,,
1430777496.62151,pg_catalog,pg_enum,4,0,0,0,0,0,0,0,0,0,0,0,0,0,,,,
1430777496.62151,pg_catalog,pg_foreign_table,2,0,0,0,0,0,0,0,0,0,0,0,0,0,,,,
1430777496.62151,pg_catalog,pg_collation,3,1806,0,0,0,0,0,0,602,0,38,38,0,0,,,,
1430777496.62151,pg_catalog,pg_am,133,145,0,0,0,0,0,0,5,0,3,131,0,0,,,,
1430777496.62151,pg_catalog,pg_proc,3,8073,1341,1777,6,0,0,0,2691,0,168,1666,38,2842,0,0,0,0
1430777496.62151,pg_catalog,pg_shdepend,69,69,7822,1956,0,0,0,0,1,0,47,2001,188,8142,,,,
1430777496.62151,pg_catalog,pg_language,4,16,10,10,0,0,0,0,4,0,2,13,4,18,,,,
1430777496.62151,public,district,68771,1284420,382606,382606,20,211547,0,210566,20,480,130,4204543,2,383674,,,,
1430777496.62151,pg_catalog,pg_range,2,12,2,0,0,0,0,0,6,0,2,1,2,2,,,,
1430777496.62151,public,stock,4,800000,2589576,2286006,200000,1135885,0,0,199529,252402,59291,3885296,1548,11213426,,,,
1430777496.62151,pg_catalog,pg_attribute,81,8125,7031,26890,1401,20,1219,4,2491,0,193,12482,59,19937,,,,
1430777496.62151,pg_catalog,pg_database,2599,9999,78838,78790,24,0,23,0,4,0,120,81385,872,95898,,,,
1430777496.62151,public,warehouse,40877,61754,284010,284010,2,103336,0,101299,2,871,103,3219123,2,286131,,,,
1430777496.62151,pg_catalog,pg_conversion,4,528,0,0,0,0,0,0,132,0,6,9,0,0,,,,
1430777496.62151,pg_catalog,pg_type,3,1093,2491,2132,173,0,151,0,361,0,34,2533,25,5545,,,,
1430777496.62151,pg_catalog,pg_trigger,4,0,0,0,0,0,0,0,0,0,0,0,0,0,0,0,0,0
1430777496.62151,information_schema,sql_implementation_info,1,12,,,0,0,0,0,12,0,2,0,,,0,0,0,0
1430777496.62151,information_schema,sql_languages,1,4,,,0,0,0,0,4,0,2,0,,,0,0,0,0
1430777496.62151,pg_toast,pg_toast_12309,0,0,0,0,0,0,0,0,0,0,0,0,0,0,,,,
1430777496.62151,pg_toast,pg_toast_12334,0,0,0,0,0,0,0,0,0,0,0,0,0,0,,,,
1430777496.62151,pg_catalog,pg_amop,4,1744,820,1043,0,0,0,0,436,0,12,1051,23,1761,,,,
1430777496.62151,pg_toast,pg_toast_1255,0,0,0,0,0,0,0,0,0,0,0,0,0,0,,,,
1430777496.62151,pg_toast,pg_toast_12314,0,0,0,0,0,0,0,0,0,0,0,0,0,0,,,,
1430777496.62151,pg_toast,pg_toast_12324,0,0,0,0,0,0,0,0,0,0,0,0,0,0,,,,
1430777496.62151,public,customer,6,360000,487670,1210866,60000,198546,0,180943,59999,9643,33141,1570673,816,1578725,,,,
1430777496.62151,pg_catalog,pg_amproc,17,1060,548,819,0,0,0,0,344,0,9,570,9,1206,,,,
1430777496.62151,pg_toast,pg_toast_2964,0,0,0,0,0,0,0,0,0,0,0,0,0,0,,,,
1430777496.62151,pg_catalog,pg_ts_template,3,15,0,0,0,0,0,0,5,0,2,2,0,0,,,,
1430777496.62151,public,orders,6,360000,200015,235382,168211,95210,0,73327,167246,25186,2508,499919,1833,1386316,,,,
1430777496.62151,pg_catalog,pg_db_role_setting,69,0,35812,0,0,0,0,0,0,0,0,0,208,35604,0,0,0,0
1430777496.62151,pg_toast,pg_toast_2609,0,0,0,0,0,0,0,0,0,0,0,0,0,0,,,,
1430777496.62151,information_schema,sql_parts,1,9,,,0,0,0,0,9,0,2,0,,,0,0,0,0
1430777496.62151,pg_catalog,pg_class,154,13452,8633,7870,122,324,101,68,316,0,33,10255,34,14999,,,,
1430777496.62151,pg_catalog,pg_seclabel,2,0,252,0,0,0,0,0,0,0,0,0,2,250,0,0,0,0
1430777496.62151,pg_catalog,pg_ts_config_map,2,608,0,0,0,0,0,0,304,0,4,2,0,0,,,,
1430777496.62151,information_schema,sql_sizing,1,23,,,0,0,0,0,23,0,2,0,,,0,0,0,0
1430777496.62151,pg_toast,pg_toast_12339,0,0,0,0,0,0,0,0,0,0,0,0,0,0,,,,
1430777496.62151,information_schema,sql_packages,1,10,,,0,0,0,0,10,0,2,0,,,0,0,0,0
1430777496.62151,pg_toast,pg_toast_2606,0,0,0,0,0,0,0,0,0,0,0,0,0,0,,,,
1430777496.62151,pg_catalog,pg_pltemplate,46,368,0,0,0,0,0,0,8,0,46,23,0,0,,,,
1430777496.62151,pg_catalog,pg_auth_members,69,0,0,0,0,0,0,0,0,0,0,0,0,0,,,,
1430777496.62151,pg_catalog,pg_depend,3,20120,2731,2507,348,0,256,0,6672,256,103,3172,39,6884,,,,
1430777496.62151,pg_toast,pg_toast_2604,0,0,0,0,0,0,0,0,0,0,0,0,0,0,,,,
1430777496.62151,pg_catalog,pg_shseclabel,46,0,23,0,0,0,0,0,0,0,0,0,23,0,,,,
1430777496.62151,information_schema,sql_features,1,672,,,0,0,0,0,672,0,14,0,,,0,0,0,0
1430777496.62151,pg_toast,pg_toast_12319,0,0,0,0,0,0,0,0,0,0,0,0,0,0,,,,
1430777496.62151,pg_catalog,pg_description,2,7372,252,0,0,0,0,0,3686,0,64,32,6,501,0,0,0,0
1430777496.62151,pg_catalog,pg_namespace,13,78,794,682,0,0,0,0,6,0,3,693,12,920,,,,
1430777496.62151,public,order_line,4,2274320,209710,2374946,1704465,980920,0,565290,1651580,95085,66922,4341053,11928,5334295,,,,
1430777496.62151,information_schema,sql_sizing_profiles,1,0,,,0,0,0,0,0,0,0,0,,,0,0,0,0
1430777496.62151,pg_catalog,pg_foreign_server,3,0,0,0,0,0,0,0,0,0,0,0,0,0,,,,
1430777556.62283,pg_catalog,pg_operator,3,2295,935,5405,0,0,0,0,765,0,42,3812,20,2019,,,,
1430777556.62283,pg_catalog,pg_extension,3,3,0,0,0,0,0,0,1,0,2,2,0,0,,,,
1430777556.62283,pg_catalog,pg_authid,665,665,14374,14374,0,0,0,0,1,0,203,14859,680,28068,,,,
1430777556.62283,public,history,1,60000,,,198283,0,0,0,198359,0,5473,146666,,,,,,
1430777556.62283,pg_catalog,pg_statistic,2,798,8608,8399,92,791,0,311,491,198,104,10591,13,18484,61,3716,4,2389
1430777556.62283,pg_catalog,pg_opfamily,3,258,0,0,0,0,0,0,86,0,4,4,0,0,,,,
1430777556.62283,pg_catalog,pg_shdescription,50,147,23,0,0,0,0,0,3,0,47,26,47,0,0,0,0,0
1430777556.62283,pg_catalog,pg_event_trigger,3,0,27,0,0,0,0,0,0,0,0,0,2,25,,,,
1430777556.62283,pg_catalog,pg_user_mapping,3,0,0,0,0,0,0,0,0,0,0,0,0,0,,,,
1430777556.62283,pg_catalog,pg_inherits,3,0,84,0,0,0,0,0,0,0,0,0,2,82,,,,
1430777556.62283,pg_toast,pg_toast_3596,0,0,0,0,0,0,0,0,0,0,0,0,0,0,,,,
1430777556.62283,pg_catalog,pg_rewrite,3,327,37,37,0,0,0,0,109,0,27,54,4,60,51,68,8,202
1430777556.62283,pg_catalog,pg_foreign_data_wrapper,3,0,0,0,0,0,0,0,0,0,0,0,0,0,,,,
1430777556.62283,pg_catalog,pg_largeobject_metadata,2,0,0,0,0,0,0,0,0,0,0,0,0,0,,,,
1430777556.62283,pg_catalog,pg_opclass,17,398,799,10652,0,0,0,0,128,0,9,3884,12,968,,,,
1430777556.62283,pg_catalog,pg_attrdef,3,0,0,0,0,0,0,0,0,0,0,0,0,0,0,0,0,0
1430777556.62283,pg_catalog,pg_default_acl,3,0,59,0,0,0,0,0,0,0,0,0,2,57,,,,
1430777556.62283,pg_catalog,pg_aggregate,2,266,47,47,0,0,0,0,133,0,5,48,4,70,,,,
1430777556.62283,pg_toast,pg_toast_12329,0,0,0,0,0,0,0,0,0,0,0,0,0,0,,,,
1430777556.62283,pg_catalog,pg_ts_dict,3,48,0,0,0,0,0,0,16,0,2,2,0,0,,,,
1430777556.62283,pg_catalog,pg_index,80,3622,2823,3342,27,0,17,0,123,17,13,3045,12,3099,,,,
1430777556.62283,public,item,4,400000,1523590,1522170,100000,0,0,0,100000,0,3845,1528691,276,3054055,,,,
1430777556.62283,pg_catalog,pg_tablespace,141,282,5466,5466,0,0,0,0,2,0,159,5471,305,10691,,,,
1430777556.62283,pg_toast,pg_toast_2619,0,0,2042,6107,295,0,234,0,70,58,61,3716,4,2389,,,,
1430777556.62283,pg_catalog,pg_constraint,5,50,8,0,8,0,0,0,10,0,6,33,8,64,0,0,0,0
1430777556.62283,pg_toast,pg_toast_2618,0,0,87,273,0,0,0,0,0,0,51,68,4,101,,,,
1430777556.62283,pg_catalog,pg_cast,3,594,5139,1081,0,0,0,0,198,0,6,1083,6,5211,,,,
1430777556.62283,pg_catalog,pg_ts_config,3,48,0,0,0,0,0,0,16,0,2,2,0,0,,,,
1430777556.62283,pg_catalog,pg_ts_parser,3,3,0,0,0,0,0,0,1,0,2,2,0,0,,,,
1430777556.62283,pg_toast,pg_toast_2620,0,0,0,0,0,0,0,0,0,0,0,0,0,0,,,,
1430777556.62283,pg_toast,pg_toast_2396,0,0,0,0,0,0,0,0,0,0,0,0,0,0,,,,
1430777556.62283,public,new_order,4,72000,255600,244755,163014,0,116200,0,45414,16602,599,1539319,717,1782104,,,,
1430777556.62283,pg_catalog,pg_largeobject,2,0,0,0,0,0,0,0,0,0,0,0,0,0,,,,
1430777556.62283,pg_catalog,pg_enum,4,0,0,0,0,0,0,0,0,0,0,0,0,0,,,,
1430777556.62283,pg_catalog,pg_foreign_table,2,0,0,0,0,0,0,0,0,0,0,0,0,0,,,,
1430777556.62283,pg_catalog,pg_collation,3,1806,0,0,0,0,0,0,602,0,38,38,0,0,,,,
1430777556.62283,pg_catalog,pg_am,139,151,0,0,0,0,0,0,5,0,3,137,0,0,,,,
1430777556.62283,pg_catalog,pg_proc,3,8073,1419,1890,6,0,0,0,2691,0,168,1759,38,3008,0,0,0,0
1430777556.62283,pg_catalog,pg_shdepend,69,69,7822,1956,0,0,0,0,1,0,47,2001,188,8142,,,,
1430777556.62283,pg_catalog,pg_language,4,16,10,10,0,0,0,0,4,0,2,13,4,18,,,,
1430777556.62283,public,district,68771,1284420,534478,534478,20,283297,0,282026,20,465,130,5560487,2,535857,,,,
1430777556.62283,pg_catalog,pg_range,2,12,2,0,0,0,0,0,6,0,2,1,2,2,,,,
1430777556.62283,public,stock,4,800000,3473689,3063793,200000,1522170,0,0,199454,254383,59456,5181346,1548,15037925,,,,
1430777556.62283,pg_catalog,pg_attribute,81,8125,7745,30334,1401,20,1219,4,2491,0,193,13444,59,21373,,,,
1430777556.62283,pg_catalog,pg_database,2602,10011,78885,78837,24,0,23,0,4,0,120,81435,872,95959,,,,
1430777556.62283,public,warehouse,40877,61754,390707,390707,2,138283,0,135549,2,904,103,4088288,2,393546,,,,
1430777556.62283,pg_catalog,pg_conversion,4,528,0,0,0,0,0,0,132,0,6,9,0,0,,,,
1430777556.62283,pg_catalog,pg_type,3,1093,2590,2231,173,0,151,0,361,0,34,2632,25,5749,,,,
1430777556.62283,pg_catalog,pg_trigger,4,0,0,0,0,0,0,0,0,0,0,0,0,0,0,0,0,0
1430777556.62283,information_schema,sql_implementation_info,1,12,,,0,0,0,0,12,0,2,0,,,0,0,0,0
1430777556.62283,information_schema,sql_languages,1,4,,,0,0,0,0,4,0,2,0,,,0,0,0,0
1430777556.62283,pg_toast,pg_toast_12309,0,0,0,0,0,0,0,0,0,0,0,0,0,0,,,,
1430777556.62283,pg_toast,pg_toast_12334,0,0,0,0,0,0,0,0,0,0,0,0,0,0,,,,
1430777556.62283,pg_catalog,pg_amop,4,1744,877,1109,0,0,0,0,436,0,12,1117,23,1885,,,,
1430777556.62283,pg_toast,pg_toast_1255,0,0,0,0,0,0,0,0,0,0,0,0,0,0,,,,
1430777556.62283,pg_toast,pg_toast_12314,0,0,0,0,0,0,0,0,0,0,0,0,0,0,,,,
1430777556.62283,pg_toast,pg_toast_12324,0,0,0,0,0,0,0,0,0,0,0,0,0,0,,,,
1430777556.62283,public,customer,6,360000,653045,1633328,60000,266083,0,245516,60015,13248,33250,2103865,824,2095994,,,,
1430777556.62283,pg_catalog,pg_amproc,17,1060,576,855,0,0,0,0,344,0,9,595,9,1268,,,,
1430777556.62283,pg_toast,pg_toast_2964,0,0,0,0,0,0,0,0,0,0,0,0,0,0,,,,
1430777556.62283,pg_catalog,pg_ts_template,3,15,0,0,0,0,0,0,5,0,2,2,0,0,,,,
1430777556.62283,public,orders,6,360000,268360,331069,205014,127800,0,99054,203724,33374,2852,685299,2361,1855580,,,,
1430777556.62283,pg_catalog,pg_db_role_setting,69,0,35840,0,0,0,0,0,0,0,0,0,208,35632,0,0,0,0
1430777556.62283,pg_toast,pg_toast_2609,0,0,0,0,0,0,0,0,0,0,0,0,0,0,,,,
1430777556.62283,information_schema,sql_parts,1,9,,,0,0,0,0,9,0,2,0,,,0,0,0,0
1430777556.62283,pg_catalog,pg_class,164,16313,9821,8935,122,324,101,68,316,0,33,11422,34,16422,,,,
1430777556.62283,pg_catalog,pg_seclabel,2,0,252,0,0,0,0,0,0,0,0,0,2,250,0,0,0,0
1430777556.62283,pg_catalog,pg_ts_config_map,2,608,0,0,0,0,0,0,304,0,4,2,0,0,,,,
1430777556.62283,information_schema,sql_sizing,1,23,,,0,0,0,0,23,0,2,0,,,0,0,0,0
1430777556.62283,pg_toast,pg_toast_12339,0,0,0,0,0,0,0,0,0,0,0,0,0,0,,,,
1430777556.62283,information_schema,sql_packages,1,10,,,0,0,0,0,10,0,2,0,,,0,0,0,0
1430777556.62283,pg_toast,pg_toast_2606,0,0,0,0,0,0,0,0,0,0,0,0,0,0,,,,
1430777556.62283,pg_catalog,pg_pltemplate,46,368,0,0,0,0,0,0,8,0,46,23,0,0,,,,
1430777556.62283,pg_catalog,pg_auth_members,69,0,0,0,0,0,0,0,0,0,0,0,0,0,,,,
1430777556.62283,pg_catalog,pg_depend,3,20120,2731,2507,348,0,256,0,6672,256,103,3172,39,6884,,,,
1430777556.62283,pg_toast,pg_toast_2604,0,0,0,0,0,0,0,0,0,0,0,0,0,0,,,,
1430777556.62283,pg_catalog,pg_shseclabel,46,0,23,0,0,0,0,0,0,0,0,0,23,0,,,,
1430777556.62283,information_schema,sql_features,1,672,,,0,0,0,0,672,0,14,0,,,0,0,0,0
1430777556.62283,pg_toast,pg_toast_12319,0,0,0,0,0,0,0,0,0,0,0,0,0,0,,,,
1430777556.62283,pg_catalog,pg_description,2,7372,252,0,0,0,0,0,3686,0,64,32,6,501,0,0,0,0
1430777556.62283,pg_catalog,pg_namespace,15,90,934,817,0,0,0,0,6,0,3,830,12,1068,,,,
1430777556.62283,public,order_line,4,2274320,281361,3202637,2090750,1322985,0,771182,2034548,286482,75002,5787181,14810,7129258,,,,
1430777556.62283,information_schema,sql_sizing_profiles,1,0,,,0,0,0,0,0,0,0,0,,,0,0,0,0
1430777556.62283,pg_catalog,pg_foreign_server,3,0,0,0,0,0,0,0,0,0,0,0,0,0,,,,
1430777616.63432,pg_catalog,pg_operator,3,2295,958,5428,0,0,0,0,765,0,42,3835,20,2074,,,,
1430777616.63432,pg_catalog,pg_extension,3,3,0,0,0,0,0,0,1,0,2,2,0,0,,,,
1430777616.63432,pg_catalog,pg_authid,666,666,14385,14385,0,0,0,0,1,0,203,14871,680,28090,,,,
1430777616.63432,public,history,1,60000,,,232714,0,0,0,232734,0,6519,183728,,,,,,
1430777616.63432,pg_catalog,pg_statistic,2,798,10300,10085,92,878,0,381,491,59,104,12518,13,21932,61,4414,4,2840
1430777616.63432,pg_catalog,pg_opfamily,3,258,0,0,0,0,0,0,86,0,4,4,0,0,,,,
1430777616.63432,pg_catalog,pg_shdescription,50,147,23,0,0,0,0,0,3,0,47,26,47,0,0,0,0,0
1430777616.63432,pg_catalog,pg_event_trigger,3,0,27,0,0,0,0,0,0,0,0,0,2,25,,,,
1430777616.63432,pg_catalog,pg_user_mapping,3,0,0,0,0,0,0,0,0,0,0,0,0,0,,,,
1430777616.63432,pg_catalog,pg_inherits,3,0,84,0,0,0,0,0,0,0,0,0,2,82,,,,
1430777616.63432,pg_toast,pg_toast_3596,0,0,0,0,0,0,0,0,0,0,0,0,0,0,,,,
1430777616.63432,pg_catalog,pg_rewrite,3,327,44,44,0,0,0,0,109,0,27,61,4,72,51,75,8,218
1430777616.63432,pg_catalog,pg_foreign_data_wrapper,3,0,0,0,0,0,0,0,0,0,0,0,0,0,,,,
1430777616.63432,pg_catalog,pg_largeobject_metadata,2,0,0,0,0,0,0,0,0,0,0,0,0,0,,,,
1430777616.63432,pg_catalog,pg_opclass,21,402,840,11118,0,0,0,0,128,0,9,4053,12,1020,,,,
1430777616.63432,pg_catalog,pg_attrdef,3,0,0,0,0,0,0,0,0,0,0,0,0,0,0,0,0,0
1430777616.63432,pg_catalog,pg_default_acl,3,0,59,0,0,0,0,0,0,0,0,0,2,57,,,,
1430777616.63432,pg_catalog,pg_aggregate,2,266,48,48,0,0,0,0,133,0,5,49,4,72,,,,
1430777616.63432,pg_toast,pg_toast_12329,0,0,0,0,0,0,0,0,0,0,0,0,0,0,,,,
1430777616.63432,pg_catalog,pg_ts_dict,3,48,0,0,0,0,0,0,16,0,2,2,0,0,,,,
1430777616.63432,pg_catalog,pg_index,99,4251,3233,3827,27,0,17,0,123,17,13,3491,12,3522,,,,
1430777616.63432,public,item,4,400000,1904422,1902655,100000,0,0,0,100000,0,3845,1909176,276,3817491,,,,
1430777616.63432,pg_catalog,pg_tablespace,141,282,5471,5471,0,0,0,0,2,0,159,5476,305,10701,,,,
1430777616.63432,pg_toast,pg_toast_2619,0,0,2436,7299,351,0,290,0,70,114,61,4414,4,2840,,,,
1430777616.63432,pg_catalog,pg_constraint,5,50,8,0,8,0,0,0,10,0,6,33,8,64,0,0,0,0
1430777616.63432,pg_toast,pg_toast_2618,0,0,92,289,0,0,0,0,0,0,51,75,4,109,,,,
1430777616.63432,pg_catalog,pg_cast,3,594,5322,1129,0,0,0,0,198,0,6,1131,6,5400,,,,
1430777616.63432,pg_catalog,pg_ts_config,3,48,0,0,0,0,0,0,16,0,2,2,0,0,,,,
1430777616.63432,pg_catalog,pg_ts_parser,3,3,0,0,0,0,0,0,1,0,2,2,0,0,,,,
1430777616.63432,pg_toast,pg_toast_2620,0,0,0,0,0,0,0,0,0,0,0,0,0,0,,,,
1430777616.63432,pg_toast,pg_toast_2396,0,0,0,0,0,0,0,0,0,0,0,0,0,0,,,,
1430777616.63432,public,new_order,4,72000,320840,306808,199246,0,145400,0,52184,15356,599,1966793,783,2303768,,,,
1430777616.63432,pg_catalog,pg_largeobject,2,0,0,0,0,0,0,0,0,0,0,0,0,0,,,,
1430777616.63432,pg_catalog,pg_enum,4,0,0,0,0,0,0,0,0,0,0,0,0,0,,,,
1430777616.63432,pg_catalog,pg_foreign_table,2,0,0,0,0,0,0,0,0,0,0,0,0,0,,,,
1430777616.63432,pg_catalog,pg_collation,3,1806,0,0,0,0,0,0,602,0,38,38,0,0,,,,
1430777616.63432,pg_catalog,pg_am,146,158,0,0,0,0,0,0,5,0,3,144,0,0,,,,
1430777616.63432,pg_catalog,pg_proc,3,8073,1497,2003,6,0,0,0,2691,0,168,1852,38,3174,0,0,0,0
1430777616.63432,pg_catalog,pg_shdepend,69,69,7822,1956,0,0,0,0,1,0,47,2001,188,8142,,,,
1430777616.63432,pg_catalog,pg_language,4,16,10,10,0,0,0,0,4,0,2,13,4,18,,,,
1430777616.63432,public,district,68771,1284420,683181,683181,20,353960,0,352386,20,367,130,6713057,2,684884,,,,
1430777616.63432,pg_catalog,pg_range,2,12,2,0,0,0,0,0,6,0,2,1,2,2,,,,
1430777616.63432,public,stock,4,800000,4331240,3829148,200000,1902655,0,0,199585,250536,59723,6479319,1550,18764866,,,,
1430777616.63432,pg_catalog,pg_attribute,103,8275,8699,35689,1401,20,1219,4,2491,0,193,15047,59,23292,,,,
1430777616.63432,pg_catalog,pg_database,2605,10023,78930,78882,24,0,23,0,4,0,120,81483,872,96018,,,,
1430777616.63432,public,warehouse,40877,61754,495801,495801,2,172714,0,169281,2,1153,103,4971680,2,499360,,,,
1430777616.63432,pg_catalog,pg_conversion,4,528,0,0,0,0,0,0,132,0,6,9,0,0,,,,
1430777616.63432,pg_catalog,pg_type,3,1093,2689,2330,173,0,151,0,361,0,34,2731,25,5953,,,,
1430777616.63432,pg_catalog,pg_trigger,4,0,0,0,0,0,0,0,0,0,0,0,0,0,0,0,0,0
1430777616.63432,information_schema,sql_implementation_info,1,12,,,0,0,0,0,12,0,2,0,,,0,0,0,0
1430777616.63432,information_schema,sql_languages,1,4,,,0,0,0,0,4,0,2,0,,,0,0,0,0
1430777616.63432,pg_toast,pg_toast_12309,0,0,0,0,0,0,0,0,0,0,0,0,0,0,,,,
1430777616.63432,pg_toast,pg_toast_12334,0,0,0,0,0,0,0,0,0,0,0,0,0,0,,,,
1430777616.63432,pg_catalog,pg_amop,4,1744,934,1175,0,0,0,0,436,0,12,1183,23,2009,,,,
1430777616.63432,pg_toast,pg_toast_1255,0,0,0,0,0,0,0,0,0,0,0,0,0,0,,,,
1430777616.63432,pg_toast,pg_toast_12314,0,0,0,0,0,0,0,0,0,0,0,0,0,0,,,,
1430777616.63432,pg_toast,pg_toast_12324,0,0,0,0,0,0,0,0,0,0,0,0,0,0,,,,
1430777616.63432,public,customer,6,360000,816506,2015576,60000,333134,0,310002,59991,5690,33291,2614216,825,2605889,,,,
1430777616.63432,pg_catalog,pg_amproc,21,1068,613,903,0,0,0,0,344,0,9,641,9,1349,,,,
1430777616.63432,pg_toast,pg_toast_2964,0,0,0,0,0,0,0,0,0,0,0,0,0,0,,,,
1430777616.63432,pg_catalog,pg_ts_template,3,15,0,0,0,0,0,0,5,0,2,2,0,0,,,,
1430777616.63432,public,orders,6,360000,336768,433293,241246,160420,0,124961,239595,41343,3187,877180,2896,2320818,,,,
1430777616.63432,pg_catalog,pg_db_role_setting,69,0,35868,0,0,0,0,0,0,0,0,0,208,35660,0,0,0,0
1430777616.63432,pg_toast,pg_toast_2609,0,0,0,0,0,0,0,0,0,0,0,0,0,0,,,,
1430777616.63432,information_schema,sql_parts,1,9,,,0,0,0,0,9,0,2,0,,,0,0,0,0
1430777616.63432,pg_catalog,pg_class,196,19196,11361,10352,122,324,101,68,316,0,33,13023,34,18253,,,,
1430777616.63432,pg_catalog,pg_seclabel,2,0,252,0,0,0,0,0,0,0,0,0,2,250,0,0,0,0
1430777616.63432,pg_catalog,pg_ts_config_map,2,608,0,0,0,0,0,0,304,0,4,2,0,0,,,,
1430777616.63432,information_schema,sql_sizing,1,23,,,0,0,0,0,23,0,2,0,,,0,0,0,0
1430777616.63432,pg_toast,pg_toast_12339,0,0,0,0,0,0,0,0,0,0,0,0,0,0,,,,
1430777616.63432,information_schema,sql_packages,1,10,,,0,0,0,0,10,0,2,0,,,0,0,0,0
1430777616.63432,pg_toast,pg_toast_2606,0,0,0,0,0,0,0,0,0,0,0,0,0,0,,,,
1430777616.63432,pg_catalog,pg_pltemplate,46,368,0,0,0,0,0,0,8,0,46,23,0,0,,,,
1430777616.63432,pg_catalog,pg_auth_members,69,0,0,0,0,0,0,0,0,0,0,0,0,0,,,,
1430777616.63432,pg_catalog,pg_depend,3,20120,2731,2507,348,0,256,0,6672,256,103,3172,39,6884,,,,
1430777616.63432,pg_toast,pg_toast_2604,0,0,0,0,0,0,0,0,0,0,0,0,0,0,,,,
1430777616.63432,pg_catalog,pg_shseclabel,46,0,23,0,0,0,0,0,0,0,0,0,23,0,,,,
1430777616.63432,information_schema,sql_features,1,672,,,0,0,0,0,672,0,14,0,,,0,0,0,0
1430777616.63432,pg_toast,pg_toast_12319,0,0,0,0,0,0,0,0,0,0,0,0,0,0,,,,
1430777616.63432,pg_catalog,pg_description,2,7372,252,0,0,0,0,0,3686,0,64,32,6,501,0,0,0,0
1430777616.63432,pg_catalog,pg_namespace,17,102,1074,952,0,0,0,0,6,0,3,967,12,1216,,,,
1430777616.63432,public,order_line,4,2274320,353024,4018824,2471235,1666633,0,978660,2437275,90645,81064,7331166,17830,8922214,,,,
1430777616.63432,information_schema,sql_sizing_profiles,1,0,,,0,0,0,0,0,0,0,0,,,0,0,0,0
1430777616.63432,pg_catalog,pg_foreign_server,3,0,0,0,0,0,0,0,0,0,0,0,0,0,,,,
1430777676.63357,pg_catalog,pg_operator,3,2295,981,5451,0,0,0,0,765,0,42,3858,20,2129,,,,
1430777676.63357,pg_catalog,pg_extension,3,3,0,0,0,0,0,0,1,0,2,2,0,0,,,,
1430777676.63357,pg_catalog,pg_authid,667,667,14396,14396,0,0,0,0,1,0,203,14883,680,28112,,,,
1430777676.63357,public,history,1,60000,,,267287,0,0,0,267262,0,7568,221391,,,,,,
1430777676.63357,pg_catalog,pg_statistic,2,798,11992,11771,92,965,0,457,491,126,104,14336,13,25344,61,5206,4,3292
1430777676.63357,pg_catalog,pg_opfamily,3,258,0,0,0,0,0,0,86,0,4,4,0,0,,,,
1430777676.63357,pg_catalog,pg_shdescription,50,147,23,0,0,0,0,0,3,0,47,26,47,0,0,0,0,0
1430777676.63357,pg_catalog,pg_event_trigger,3,0,27,0,0,0,0,0,0,0,0,0,2,25,,,,
1430777676.63357,pg_catalog,pg_user_mapping,3,0,0,0,0,0,0,0,0,0,0,0,0,0,,,,
1430777676.63357,pg_catalog,pg_inherits,3,0,84,0,0,0,0,0,0,0,0,0,2,82,,,,
1430777676.63357,pg_toast,pg_toast_3596,0,0,0,0,0,0,0,0,0,0,0,0,0,0,,,,
1430777676.63357,pg_catalog,pg_rewrite,3,327,51,51,0,0,0,0,109,0,27,68,4,84,51,82,8,234
1430777676.63357,pg_catalog,pg_foreign_data_wrapper,3,0,0,0,0,0,0,0,0,0,0,0,0,0,,,,
1430777676.63357,pg_catalog,pg_largeobject_metadata,2,0,0,0,0,0,0,0,0,0,0,0,0,0,,,,
1430777676.63357,pg_catalog,pg_opclass,21,402,869,11572,0,0,0,0,128,0,9,4206,12,1058,,,,
1430777676.63357,pg_catalog,pg_attrdef,3,0,0,0,0,0,0,0,0,0,0,0,0,0,0,0,0,0
1430777676.63357,pg_catalog,pg_default_acl,3,0,59,0,0,0,0,0,0,0,0,0,2,57,,,,
1430777676.63357,pg_catalog,pg_aggregate,2,266,49,49,0,0,0,0,133,0,5,50,4,74,,,,
1430777676.63357,pg_toast,pg_toast_12329,0,0,0,0,0,0,0,0,0,0,0,0,0,0,,,,
1430777676.63357,pg_catalog,pg_ts_dict,3,48,0,0,0,0,0,0,16,0,2,2,0,0,,,,
1430777676.63357,pg_catalog,pg_index,104,4866,3529,4198,27,0,17,0,123,17,13,3801,12,3829,,,,
1430777676.63357,public,item,4,400000,2284655,2282533,100000,0,0,0,100000,0,3845,2289054,276,4579755,,,,
1430777676.63357,pg_catalog,pg_tablespace,141,282,5476,5476,0,0,0,0,2,0,159,5481,305,10711,,,,
1430777676.63357,pg_toast,pg_toast_2619,0,0,2830,8491,407,0,346,0,70,58,61,5206,4,3292,,,,
1430777676.63357,pg_catalog,pg_constraint,5,50,8,0,8,0,0,0,10,0,6,33,8,64,0,0,0,0
1430777676.63357,pg_toast,pg_toast_2618,0,0,97,305,0,0,0,0,0,0,51,82,4,117,,,,
1430777676.63357,pg_catalog,pg_cast,3,594,5505,1177,0,0,0,0,198,0,6,1179,6,5589,,,,
1430777676.63357,pg_catalog,pg_ts_config,3,48,0,0,0,0,0,0,16,0,2,2,0,0,,,,
1430777676.63357,pg_catalog,pg_ts_parser,3,3,0,0,0,0,0,0,1,0,2,2,0,0,,,,
1430777676.63357,pg_toast,pg_toast_2620,0,0,0,0,0,0,0,0,0,0,0,0,0,0,,,,
1430777676.63357,pg_toast,pg_toast_2396,0,0,0,0,0,0,0,0,0,0,0,0,0,0,,,,
1430777676.63357,public,new_order,4,72000,384520,367591,235443,0,174120,0,59176,10719,699,2385879,868,2840415,,,,
1430777676.63357,pg_catalog,pg_largeobject,2,0,0,0,0,0,0,0,0,0,0,0,0,0,,,,
1430777676.63357,pg_catalog,pg_enum,4,0,0,0,0,0,0,0,0,0,0,0,0,0,,,,
1430777676.63357,pg_catalog,pg_foreign_table,2,0,0,0,0,0,0,0,0,0,0,0,0,0,,,,
1430777676.63357,pg_catalog,pg_collation,3,1806,0,0,0,0,0,0,602,0,38,38,0,0,,,,
1430777676.63357,pg_catalog,pg_am,151,163,0,0,0,0,0,0,5,0,3,149,0,0,,,,
1430777676.63357,pg_catalog,pg_proc,3,8073,1575,2116,6,0,0,0,2691,0,168,1945,38,3340,0,0,0,0
1430777676.63357,pg_catalog,pg_shdepend,69,69,7822,1956,0,0,0,0,1,0,47,2001,188,8142,,,,
1430777676.63357,pg_catalog,pg_language,4,16,10,10,0,0,0,0,4,0,2,13,4,18,,,,
1430777676.63357,public,district,68771,1284420,832083,832083,20,424730,0,422822,20,248,130,8139388,2,834141,,,,
1430777676.63357,pg_catalog,pg_range,2,12,2,0,0,0,0,0,6,0,2,1,2,2,,,,
1430777676.63357,public,stock,4,800000,5190947,4593355,200000,2282533,0,0,199403,180307,59856,7769981,1552,22496730,,,,
1430777676.63357,pg_catalog,pg_attribute,103,8275,9446,39342,1401,20,1219,4,2491,0,193,16067,59,24793,,,,
1430777676.63357,pg_catalog,pg_database,2608,10035,78977,78929,24,0,23,0,4,0,120,81533,872,96079,,,,
1430777676.63357,public,warehouse,40877,61754,601144,601144,2,207287,0,203157,2,1239,108,5838685,2,605421,,,,
1430777676.63357,pg_catalog,pg_conversion,4,528,0,0,0,0,0,0,132,0,6,9,0,0,,,,
1430777676.63357,pg_catalog,pg_type,3,1093,2788,2429,173,0,151,0,361,0,34,2830,25,6157,,,,
1430777676.63357,pg_catalog,pg_trigger,4,0,0,0,0,0,0,0,0,0,0,0,0,0,0,0,0,0
1430777676.63357,information_schema,sql_implementation_info,1,12,,,0,0,0,0,12,0,2,0,,,0,0,0,0
1430777676.63357,information_schema,sql_languages,1,4,,,0,0,0,0,4,0,2,0,,,0,0,0,0
1430777676.63357,pg_toast,pg_toast_12309,0,0,0,0,0,0,0,0,0,0,0,0,0,0,,,,
1430777676.63357,pg_toast,pg_toast_12334,0,0,0,0,0,0,0,0,0,0,0,0,0,0,,,,
1430777676.63357,pg_catalog,pg_amop,4,1744,991,1241,0,0,0,0,436,0,12,1249,23,2133,,,,
1430777676.63357,pg_toast,pg_toast_1255,0,0,0,0,0,0,0,0,0,0,0,0,0,0,,,,
1430777676.63357,pg_toast,pg_toast_12314,0,0,0,0,0,0,0,0,0,0,0,0,0,0,,,,
1430777676.63357,pg_toast,pg_toast_12324,0,0,0,0,0,0,0,0,0,0,0,0,0,0,,,,
1430777676.63357,public,customer,6,360000,979681,2425702,60000,399547,0,373170,60000,9311,33291,3135860,832,3118291,,,,
1430777676.63357,pg_catalog,pg_amproc,21,1068,638,933,0,0,0,0,344,0,9,663,9,1404,,,,
1430777676.63357,pg_toast,pg_toast_2964,0,0,0,0,0,0,0,0,0,0,0,0,0,0,,,,
1430777676.63357,pg_catalog,pg_ts_template,3,15,0,0,0,0,0,0,5,0,2,2,0,0,,,,
1430777676.63357,public,orders,6,360000,403764,546435,277443,192260,0,150036,275270,3943,3412,1088361,3403,2784716,,,,
1430777676.63357,pg_catalog,pg_db_role_setting,69,0,35896,0,0,0,0,0,0,0,0,0,208,35688,0,0,0,0
1430777676.63357,pg_toast,pg_toast_2609,0,0,0,0,0,0,0,0,0,0,0,0,0,0,,,,
1430777676.63357,information_schema,sql_parts,1,9,,,0,0,0,0,9,0,2,0,,,0,0,0,0
1430777676.63357,pg_catalog,pg_class,206,22057,12615,11483,122,324,101,68,316,0,33,14258,34,19762,,,,
1430777676.63357,pg_catalog,pg_seclabel,2,0,252,0,0,0,0,0,0,0,0,0,2,250,0,0,0,0
1430777676.63357,pg_catalog,pg_ts_config_map,2,608,0,0,0,0,0,0,304,0,4,2,0,0,,,,
1430777676.63357,information_schema,sql_sizing,1,23,,,0,0,0,0,23,0,2,0,,,0,0,0,0
1430777676.63357,pg_toast,pg_toast_12339,0,0,0,0,0,0,0,0,0,0,0,0,0,0,,,,
1430777676.63357,information_schema,sql_packages,1,10,,,0,0,0,0,10,0,2,0,,,0,0,0,0
1430777676.63357,pg_toast,pg_toast_2606,0,0,0,0,0,0,0,0,0,0,0,0,0,0,,,,
1430777676.63357,pg_catalog,pg_pltemplate,46,368,0,0,0,0,0,0,8,0,46,23,0,0,,,,
1430777676.63357,pg_catalog,pg_auth_members,69,0,0,0,0,0,0,0,0,0,0,0,0,0,,,,
1430777676.63357,pg_catalog,pg_depend,3,20120,2731,2507,348,0,256,0,6672,256,103,3172,39,6884,,,,
1430777676.63357,pg_toast,pg_toast_2604,0,0,0,0,0,0,0,0,0,0,0,0,0,0,,,,
1430777676.63357,pg_catalog,pg_shseclabel,46,0,23,0,0,0,0,0,0,0,0,0,23,0,,,,
1430777676.63357,information_schema,sql_features,1,672,,,0,0,0,0,672,0,14,0,,,0,0,0,0
1430777676.63357,pg_toast,pg_toast_12319,0,0,0,0,0,0,0,0,0,0,0,0,0,0,,,,
1430777676.63357,pg_catalog,pg_description,2,7372,252,0,0,0,0,0,3686,0,64,32,6,501,0,0,0,0
1430777676.63357,pg_catalog,pg_namespace,19,114,1214,1087,0,0,0,0,6,0,3,1104,12,1364,,,,
1430777676.63357,public,order_line,4,2274320,423285,4821583,2851113,2001105,0,1197650,2780678,255901,87602,8684792,20636,10631532,,,,
1430777676.63357,information_schema,sql_sizing_profiles,1,0,,,0,0,0,0,0,0,0,0,,,0,0,0,0
1430777676.63357,pg_catalog,pg_foreign_server,3,0,0,0,0,0,0,0,0,0,0,0,0,0,,,,
1430777736.64139,pg_catalog,pg_operator,3,2295,1005,5475,0,0,0,0,765,0,42,3882,20,2187,,,,
1430777736.64139,pg_catalog,pg_extension,3,3,0,0,0,0,0,0,1,0,2,2,0,0,,,,
1430777736.64139,pg_catalog,pg_authid,668,668,14407,14407,0,0,0,0,1,0,203,14895,680,28134,,,,
1430777736.64139,public,history,1,60000,,,302325,0,0,0,302300,0,7965,257223,,,,,,
1430777736.64139,pg_catalog,pg_statistic,2,798,13491,13262,92,1035,0,515,491,149,104,15942,13,28373,61,5890,4,3737
1430777736.64139,pg_catalog,pg_opfamily,3,258,0,0,0,0,0,0,86,0,4,4,0,0,,,,
1430777736.64139,pg_catalog,pg_shdescription,50,147,23,0,0,0,0,0,3,0,47,26,47,0,0,0,0,0
1430777736.64139,pg_catalog,pg_event_trigger,3,0,27,0,0,0,0,0,0,0,0,0,2,25,,,,
1430777736.64139,pg_catalog,pg_user_mapping,3,0,0,0,0,0,0,0,0,0,0,0,0,0,,,,
1430777736.64139,pg_catalog,pg_inherits,3,0,84,0,0,0,0,0,0,0,0,0,2,82,,,,
1430777736.64139,pg_toast,pg_toast_3596,0,0,0,0,0,0,0,0,0,0,0,0,0,0,,,,
1430777736.64139,pg_catalog,pg_rewrite,3,327,59,59,0,0,0,0,109,0,27,76,4,98,51,90,8,254
1430777736.64139,pg_catalog,pg_foreign_data_wrapper,3,0,0,0,0,0,0,0,0,0,0,0,0,0,,,,
1430777736.64139,pg_catalog,pg_largeobject_metadata,2,0,0,0,0,0,0,0,0,0,0,0,0,0,,,,
1430777736.64139,pg_catalog,pg_opclass,21,402,902,12030,0,0,0,0,128,0,9,4363,12,1101,,,,
1430777736.64139,pg_catalog,pg_attrdef,3,0,0,0,0,0,0,0,0,0,0,0,0,0,0,0,0,0
1430777736.64139,pg_catalog,pg_default_acl,3,0,59,0,0,0,0,0,0,0,0,0,2,57,,,,
1430777736.64139,pg_catalog,pg_aggregate,2,266,50,50,0,0,0,0,133,0,5,51,4,76,,,,
1430777736.64139,pg_toast,pg_toast_12329,0,0,0,0,0,0,0,0,0,0,0,0,0,0,,,,
1430777736.64139,pg_catalog,pg_ts_dict,3,48,0,0,0,0,0,0,16,0,2,2,0,0,,,,
1430777736.64139,pg_catalog,pg_index,109,5481,3809,4535,27,0,17,0,123,17,13,4096,12,4122,,,,
1430777736.64139,public,item,4,400000,2670275,2667790,100000,0,0,0,100000,0,3845,2674311,276,5352811,,,,
1430777736.64139,pg_catalog,pg_tablespace,141,282,5481,5481,0,0,0,0,2,0,159,5486,305,10721,,,,
1430777736.64139,pg_toast,pg_toast_2619,0,0,3221,9659,460,0,400,0,69,112,61,5890,4,3737,,,,
1430777736.64139,pg_catalog,pg_constraint,5,50,8,0,8,0,0,0,10,0,6,33,8,64,0,0,0,0
1430777736.64139,pg_toast,pg_toast_2618,0,0,103,323,0,0,0,0,0,0,51,90,4,127,,,,
1430777736.64139,pg_catalog,pg_cast,3,594,5695,1230,0,0,0,0,198,0,6,1232,6,5786,,,,
1430777736.64139,pg_catalog,pg_ts_config,3,48,0,0,0,0,0,0,16,0,2,2,0,0,,,,
1430777736.64139,pg_catalog,pg_ts_parser,3,3,0,0,0,0,0,0,1,0,2,2,0,0,,,,
1430777736.64139,pg_toast,pg_toast_2620,0,0,0,0,0,0,0,0,0,0,0,0,0,0,,,,
1430777736.64139,pg_toast,pg_toast_2396,0,0,0,0,0,0,0,0,0,0,0,0,0,0,,,,
1430777736.64139,public,new_order,4,72000,450060,429968,272189,0,203670,0,66069,16692,699,2804594,868,3329817,,,,
1430777736.64139,pg_catalog,pg_largeobject,2,0,0,0,0,0,0,0,0,0,0,0,0,0,,,,
1430777736.64139,pg_catalog,pg_enum,4,0,0,0,0,0,0,0,0,0,0,0,0,0,,,,
1430777736.64139,pg_catalog,pg_foreign_table,2,0,0,0,0,0,0,0,0,0,0,0,0,0,,,,
1430777736.64139,pg_catalog,pg_collation,3,1806,0,0,0,0,0,0,602,0,38,38,0,0,,,,
1430777736.64139,pg_catalog,pg_am,157,169,0,0,0,0,0,0,5,0,3,155,0,0,,,,
1430777736.64139,pg_catalog,pg_proc,3,8073,1659,2242,6,0,0,0,2691,0,168,2047,38,3520,0,0,0,0
1430777736.64139,pg_catalog,pg_shdepend,69,69,7822,1956,0,0,0,0,1,0,47,2001,188,8142,,,,
1430777736.64139,pg_catalog,pg_language,4,16,10,10,0,0,0,0,4,0,2,13,4,18,,,,
1430777736.64139,public,district,68771,1284420,982606,982606,20,496514,0,494327,20,369,130,9016800,2,984964,,,,
1430777736.64139,pg_catalog,pg_range,2,12,2,0,0,0,0,0,6,0,2,1,2,2,,,,
1430777736.64139,public,stock,4,800000,6050708,5367820,200000,2667790,0,0,199714,255148,59883,9061719,1552,26244990,,,,
1430777736.64139,pg_catalog,pg_attribute,103,8275,10152,42791,1401,20,1219,4,2491,0,193,17044,59,26213,,,,
1430777736.64139,pg_catalog,pg_database,2611,10047,79023,78975,24,0,23,0,4,0,120,81582,872,96139,,,,
1430777736.64139,public,warehouse,40877,61754,707966,707966,2,242325,0,237485,2,1052,108,6722428,2,712974,,,,
1430777736.64139,pg_catalog,pg_conversion,4,528,0,0,0,0,0,0,132,0,6,9,0,0,,,,
1430777736.64139,pg_catalog,pg_type,3,1093,2903,2544,173,0,151,0,361,0,34,2945,25,6394,,,,
1430777736.64139,pg_catalog,pg_trigger,4,0,0,0,0,0,0,0,0,0,0,0,0,0,0,0,0,0
1430777736.64139,information_schema,sql_implementation_info,1,12,,,0,0,0,0,12,0,2,0,,,0,0,0,0
1430777736.64139,information_schema,sql_languages,1,4,,,0,0,0,0,4,0,2,0,,,0,0,0,0
1430777736.64139,pg_toast,pg_toast_12309,0,0,0,0,0,0,0,0,0,0,0,0,0,0,,,,
1430777736.64139,pg_toast,pg_toast_12334,0,0,0,0,0,0,0,0,0,0,0,0,0,0,,,,
1430777736.64139,pg_catalog,pg_amop,4,1744,1054,1315,0,0,0,0,436,0,12,1323,23,2271,,,,
1430777736.64139,pg_toast,pg_toast_1255,0,0,0,0,0,0,0,0,0,0,0,0,0,0,,,,
1430777736.64139,pg_toast,pg_toast_12314,0,0,0,0,0,0,0,0,0,0,0,0,0,0,,,,
1430777736.64139,pg_toast,pg_toast_12324,0,0,0,0,0,0,0,0,0,0,0,0,0,0,,,,
1430777736.64139,public,customer,6,360000,1145496,2844012,60000,467355,0,437973,60006,12035,33291,3666573,835,3637126,,,,
1430777736.64139,pg_catalog,pg_amproc,21,1068,668,972,0,0,0,0,344,0,9,690,9,1470,,,,
1430777736.64139,pg_toast,pg_toast_2964,0,0,0,0,0,0,0,0,0,0,0,0,0,0,,,,
1430777736.64139,pg_catalog,pg_ts_template,3,15,0,0,0,0,0,0,5,0,2,2,0,0,,,,
1430777736.64139,public,orders,6,360000,472589,664558,314189,225030,0,175834,311828,11349,3689,1298242,3789,3255608,,,,
1430777736.64139,pg_catalog,pg_db_role_setting,69,0,35924,0,0,0,0,0,0,0,0,0,208,35716,0,0,0,0
1430777736.64139,pg_toast,pg_toast_2609,0,0,0,0,0,0,0,0,0,0,0,0,0,0,,,,
1430777736.64139,information_schema,sql_parts,1,9,,,0,0,0,0,9,0,2,0,,,0,0,0,0
1430777736.64139,pg_catalog,pg_class,216,24918,13793,12538,122,324,101,68,316,0,33,15414,34,21178,,,,
1430777736.64139,pg_catalog,pg_seclabel,2,0,252,0,0,0,0,0,0,0,0,0,2,250,0,0,0,0
1430777736.64139,pg_catalog,pg_ts_config_map,2,608,0,0,0,0,0,0,304,0,4,2,0,0,,,,
1430777736.64139,information_schema,sql_sizing,1,23,,,0,0,0,0,23,0,2,0,,,0,0,0,0
1430777736.64139,pg_toast,pg_toast_12339,0,0,0,0,0,0,0,0,0,0,0,0,0,0,,,,
1430777736.64139,information_schema,sql_packages,1,10,,,0,0,0,0,10,0,2,0,,,0,0,0,0
1430777736.64139,pg_toast,pg_toast_2606,0,0,0,0,0,0,0,0,0,0,0,0,0,0,,,,
1430777736.64139,pg_catalog,pg_pltemplate,46,368,0,0,0,0,0,0,8,0,46,23,0,0,,,,
1430777736.64139,pg_catalog,pg_auth_members,69,0,0,0,0,0,0,0,0,0,0,0,0,0,,,,
1430777736.64139,pg_catalog,pg_depend,3,20120,2731,2507,348,0,256,0,6672,256,103,3172,39,6884,,,,
1430777736.64139,pg_toast,pg_toast_2604,0,0,0,0,0,0,0,0,0,0,0,0,0,0,,,,
1430777736.64139,pg_catalog,pg_shseclabel,46,0,23,0,0,0,0,0,0,0,0,0,23,0,,,,
1430777736.64139,information_schema,sql_features,1,672,,,0,0,0,0,672,0,14,0,,,0,0,0,0
1430777736.64139,pg_toast,pg_toast_12319,0,0,0,0,0,0,0,0,0,0,0,0,0,0,,,,
1430777736.64139,pg_catalog,pg_description,2,7372,252,0,0,0,0,0,3686,0,64,32,6,501,0,0,0,0
1430777736.64139,pg_catalog,pg_namespace,21,126,1356,1223,0,0,0,0,6,0,3,1242,12,1515,,,,
1430777736.64139,public,order_line,4,2274320,495357,5633093,3236370,2345504,0,1384398,3181232,472534,95167,10235036,23478,12489293,,,,
1430777736.64139,information_schema,sql_sizing_profiles,1,0,,,0,0,0,0,0,0,0,0,,,0,0,0,0
1430777736.64139,pg_catalog,pg_foreign_server,3,0,0,0,0,0,0,0,0,0,0,0,0,0,,,,
1430777796.64887,pg_catalog,pg_operator,3,2295,1027,5497,0,0,0,0,765,0,42,3904,20,2239,,,,
1430777796.64887,pg_catalog,pg_extension,3,3,0,0,0,0,0,0,1,0,2,2,0,0,,,,
1430777796.64887,pg_catalog,pg_authid,669,669,14418,14418,0,0,0,0,1,0,203,14907,680,28156,,,,
1430777796.64887,public,history,1,60000,,,337665,0,0,0,337603,0,9018,296418,,,,,,
1430777796.64887,pg_catalog,pg_statistic,2,798,14990,14757,92,1113,0,588,491,163,104,17540,13,31386,61,6688,4,4210
1430777796.64887,pg_catalog,pg_opfamily,3,258,0,0,0,0,0,0,86,0,4,4,0,0,,,,
1430777796.64887,pg_catalog,pg_shdescription,50,147,23,0,0,0,0,0,3,0,47,26,47,0,0,0,0,0
1430777796.64887,pg_catalog,pg_event_trigger,3,0,27,0,0,0,0,0,0,0,0,0,2,25,,,,
1430777796.64887,pg_catalog,pg_user_mapping,3,0,0,0,0,0,0,0,0,0,0,0,0,0,,,,
1430777796.64887,pg_catalog,pg_inherits,3,0,84,0,0,0,0,0,0,0,0,0,2,82,,,,
1430777796.64887,pg_toast,pg_toast_3596,0,0,0,0,0,0,0,0,0,0,0,0,0,0,,,,
1430777796.64887,pg_catalog,pg_rewrite,3,327,65,65,0,0,0,0,109,0,27,82,4,108,51,96,8,266
1430777796.64887,pg_catalog,pg_foreign_data_wrapper,3,0,0,0,0,0,0,0,0,0,0,0,0,0,,,,
1430777796.64887,pg_catalog,pg_largeobject_metadata,2,0,0,0,0,0,0,0,0,0,0,0,0,0,,,,
1430777796.64887,pg_catalog,pg_opclass,21,402,934,12487,0,0,0,0,128,0,9,4519,12,1144,,,,
1430777796.64887,pg_catalog,pg_attrdef,3,0,0,0,0,0,0,0,0,0,0,0,0,0,0,0,0,0
1430777796.64887,pg_catalog,pg_default_acl,3,0,59,0,0,0,0,0,0,0,0,0,2,57,,,,
1430777796.64887,pg_catalog,pg_aggregate,2,266,51,51,0,0,0,0,133,0,5,52,4,78,,,,
1430777796.64887,pg_toast,pg_toast_12329,0,0,0,0,0,0,0,0,0,0,0,0,0,0,,,,
1430777796.64887,pg_catalog,pg_ts_dict,3,48,0,0,0,0,0,0,16,0,2,2,0,0,,,,
1430777796.64887,pg_catalog,pg_index,114,6096,4122,4921,27,0,17,0,123,17,13,4423,12,4447,,,,
1430777796.64887,public,item,4,400000,3052997,3050142,100000,0,0,0,100000,0,3845,3056663,276,6120113,,,,
1430777796.64887,pg_catalog,pg_tablespace,141,282,5486,5486,0,0,0,0,2,0,159,5491,305,10731,,,,
1430777796.64887,pg_toast,pg_toast_2619,0,0,3615,10869,517,0,455,0,73,57,61,6688,4,4210,,,,
1430777796.64887,pg_catalog,pg_constraint,5,50,8,0,8,0,0,0,10,0,6,33,8,64,0,0,0,0
1430777796.64887,pg_toast,pg_toast_2618,0,0,107,337,0,0,0,0,0,0,51,96,4,133,,,,
1430777796.64887,pg_catalog,pg_cast,3,594,5871,1273,0,0,0,0,198,0,6,1275,6,5967,,,,
1430777796.64887,pg_catalog,pg_ts_config,3,48,0,0,0,0,0,0,16,0,2,2,0,0,,,,
1430777796.64887,pg_catalog,pg_ts_parser,3,3,0,0,0,0,0,0,1,0,2,2,0,0,,,,
1430777796.64887,pg_toast,pg_toast_2620,0,0,0,0,0,0,0,0,0,0,0,0,0,0,,,,
1430777796.64887,pg_toast,pg_toast_2396,0,0,0,0,0,0,0,0,0,0,0,0,0,0,,,,
1430777796.64887,public,new_order,4,72000,515240,492026,308581,0,232950,0,72781,15226,739,3205599,894,3852051,,,,
1430777796.64887,pg_catalog,pg_largeobject,2,0,0,0,0,0,0,0,0,0,0,0,0,0,,,,
1430777796.64887,pg_catalog,pg_enum,4,0,0,0,0,0,0,0,0,0,0,0,0,0,,,,
1430777796.64887,pg_catalog,pg_foreign_table,2,0,0,0,0,0,0,0,0,0,0,0,0,0,,,,
1430777796.64887,pg_catalog,pg_collation,3,1806,0,0,0,0,0,0,602,0,38,38,0,0,,,,
1430777796.64887,pg_catalog,pg_am,164,176,0,0,0,0,0,0,5,0,3,162,0,0,,,,
1430777796.64887,pg_catalog,pg_proc,3,8073,1731,2342,6,0,0,0,2691,0,168,2131,38,3672,0,0,0,0
1430777796.64887,pg_catalog,pg_shdepend,69,69,7822,1956,0,0,0,0,1,0,47,2001,188,8142,,,,
1430777796.64887,pg_catalog,pg_language,4,16,10,10,0,0,0,0,4,0,2,13,4,18,,,,
1430777796.64887,public,district,68771,1284420,1133457,1133457,20,568246,0,565695,20,946,130,9538126,2,1136200,,,,
1430777796.64887,pg_catalog,pg_range,2,12,2,0,0,0,0,0,6,0,2,1,2,2,,,,
1430777796.64887,public,stock,4,800000,6910091,6136990,200000,3050140,0,0,199696,248657,59904,10347127,1553,29983404,,,,
1430777796.64887,pg_catalog,pg_attribute,103,8275,10916,46886,1401,20,1219,4,2491,0,193,18118,59,27750,,,,
1430777796.64887,pg_catalog,pg_database,2614,10059,79069,79021,24,0,23,0,4,0,120,81631,872,96199,,,,
1430777796.64887,public,warehouse,40877,61754,815038,815038,2,277665,0,272113,2,1149,108,7611439,2,820779,,,,
1430777796.64887,pg_catalog,pg_conversion,4,528,0,0,0,0,0,0,132,0,6,9,0,0,,,,
1430777796.64887,pg_catalog,pg_type,3,1093,2986,2627,173,0,151,0,361,0,34,3028,25,6565,,,,
1430777796.64887,pg_catalog,pg_trigger,4,0,0,0,0,0,0,0,0,0,0,0,0,0,0,0,0,0
1430777796.64887,information_schema,sql_implementation_info,1,12,,,0,0,0,0,12,0,2,0,,,0,0,0,0
1430777796.64887,information_schema,sql_languages,1,4,,,0,0,0,0,4,0,2,0,,,0,0,0,0
1430777796.64887,pg_toast,pg_toast_12309,0,0,0,0,0,0,0,0,0,0,0,0,0,0,,,,
1430777796.64887,pg_toast,pg_toast_12334,0,0,0,0,0,0,0,0,0,0,0,0,0,0,,,,
1430777796.64887,pg_catalog,pg_amop,4,1744,1105,1373,0,0,0,0,436,0,12,1381,23,2381,,,,
1430777796.64887,pg_toast,pg_toast_1255,0,0,0,0,0,0,0,0,0,0,0,0,0,0,,,,
1430777796.64887,pg_toast,pg_toast_12314,0,0,0,0,0,0,0,0,0,0,0,0,0,0,,,,
1430777796.64887,pg_toast,pg_toast_12324,0,0,0,0,0,0,0,0,0,0,0,0,0,0,,,,
1430777796.64887,public,customer,6,360000,1311868,3240628,60000,535285,0,503224,59987,5572,33291,4193234,835,4156536,,,,
1430777796.64887,pg_catalog,pg_amproc,21,1068,695,1007,0,0,0,0,344,0,9,714,9,1531,,,,
1430777796.64887,pg_toast,pg_toast_2964,0,0,0,0,0,0,0,0,0,0,0,0,0,0,,,,
1430777796.64887,pg_catalog,pg_ts_template,3,15,0,0,0,0,0,0,5,0,2,2,0,0,,,,
1430777796.64887,public,orders,6,360000,541074,792147,350581,257620,0,201391,347777,19508,4032,1515697,4208,3723818,,,,
1430777796.64887,pg_catalog,pg_db_role_setting,69,0,35952,0,0,0,0,0,0,0,0,0,208,35744,0,0,0,0
1430777796.64887,pg_toast,pg_toast_2609,0,0,0,0,0,0,0,0,0,0,0,0,0,0,,,,
1430777796.64887,information_schema,sql_parts,1,9,,,0,0,0,0,9,0,2,0,,,0,0,0,0
1430777796.64887,pg_catalog,pg_class,226,27779,15125,13747,122,324,101,68,316,0,33,16728,34,22785,,,,
1430777796.64887,pg_catalog,pg_seclabel,2,0,252,0,0,0,0,0,0,0,0,0,2,250,0,0,0,0
1430777796.64887,pg_catalog,pg_ts_config_map,2,608,0,0,0,0,0,0,304,0,4,2,0,0,,,,
1430777796.64887,information_schema,sql_sizing,1,23,,,0,0,0,0,23,0,2,0,,,0,0,0,0
1430777796.64887,pg_toast,pg_toast_12339,0,0,0,0,0,0,0,0,0,0,0,0,0,0,,,,
1430777796.64887,information_schema,sql_packages,1,10,,,0,0,0,0,10,0,2,0,,,0,0,0,0
1430777796.64887,pg_toast,pg_toast_2606,0,0,0,0,0,0,0,0,0,0,0,0,0,0,,,,
1430777796.64887,pg_catalog,pg_pltemplate,46,368,0,0,0,0,0,0,8,0,46,23,0,0,,,,
1430777796.64887,pg_catalog,pg_auth_members,69,0,0,0,0,0,0,0,0,0,0,0,0,0,,,,
1430777796.64887,pg_catalog,pg_depend,3,20120,2731,2507,348,0,256,0,6672,256,103,3172,39,6884,,,,
1430777796.64887,pg_toast,pg_toast_2604,0,0,0,0,0,0,0,0,0,0,0,0,0,0,,,,
1430777796.64887,pg_catalog,pg_shseclabel,46,0,23,0,0,0,0,0,0,0,0,0,23,0,,,,
1430777796.64887,information_schema,sql_features,1,672,,,0,0,0,0,672,0,14,0,,,0,0,0,0
1430777796.64887,pg_toast,pg_toast_12319,0,0,0,0,0,0,0,0,0,0,0,0,0,0,,,,
1430777796.64887,pg_catalog,pg_description,2,7372,252,0,0,0,0,0,3686,0,64,32,6,501,0,0,0,0
1430777796.64887,pg_catalog,pg_namespace,23,138,1493,1356,0,0,0,0,6,0,3,1377,12,1659,,,,
1430777796.64887,public,order_line,4,2274320,567063,6445853,3618720,2687552,0,1622765,3582392,633353,101815,11539764,26257,14174818,,,,
1430777796.64887,information_schema,sql_sizing_profiles,1,0,,,0,0,0,0,0,0,0,0,,,0,0,0,0
1430777796.64887,pg_catalog,pg_foreign_server,3,0,0,0,0,0,0,0,0,0,0,0,0,0,,,,
1430777856.84555,pg_catalog,pg_operator,3,2295,1052,5522,0,0,0,0,765,0,42,3929,20,2300,,,,
1430777856.84555,pg_catalog,pg_extension,3,3,0,0,0,0,0,0,1,0,2,2,0,0,,,,
1430777856.84555,pg_catalog,pg_authid,670,670,14429,14429,0,0,0,0,1,0,203,14919,680,28178,,,,
1430777856.84555,public,history,1,60000,,,372234,0,0,0,372172,0,9412,331772,,,,,,
1430777856.84555,pg_catalog,pg_statistic,2,798,16488,16249,92,1183,0,650,491,171,104,19132,13,34405,61,7419,4,4656
1430777856.84555,pg_catalog,pg_opfamily,3,258,0,0,0,0,0,0,86,0,4,4,0,0,,,,
1430777856.84555,pg_catalog,pg_shdescription,50,147,23,0,0,0,0,0,3,0,47,26,47,0,0,0,0,0
1430777856.84555,pg_catalog,pg_event_trigger,3,0,27,0,0,0,0,0,0,0,0,0,2,25,,,,
1430777856.84555,pg_catalog,pg_user_mapping,3,0,0,0,0,0,0,0,0,0,0,0,0,0,,,,
1430777856.84555,pg_catalog,pg_inherits,3,0,84,0,0,0,0,0,0,0,0,0,2,82,,,,
1430777856.84555,pg_toast,pg_toast_3596,0,0,0,0,0,0,0,0,0,0,0,0,0,0,,,,
1430777856.84555,pg_catalog,pg_rewrite,3,327,73,73,0,0,0,0,109,0,27,90,4,122,51,103,8,282
1430777856.84555,pg_catalog,pg_foreign_data_wrapper,3,0,0,0,0,0,0,0,0,0,0,0,0,0,,,,
1430777856.84555,pg_catalog,pg_largeobject_metadata,2,0,0,0,0,0,0,0,0,0,0,0,0,0,,,,
1430777856.84555,pg_catalog,pg_opclass,21,402,971,13030,0,0,0,0,128,0,9,4708,12,1193,,,,
1430777856.84555,pg_catalog,pg_attrdef,3,0,0,0,0,0,0,0,0,0,0,0,0,0,0,0,0,0
1430777856.84555,pg_catalog,pg_default_acl,3,0,59,0,0,0,0,0,0,0,0,0,2,57,,,,
1430777856.84555,pg_catalog,pg_aggregate,2,266,52,52,0,0,0,0,133,0,5,53,4,80,,,,
1430777856.84555,pg_toast,pg_toast_12329,0,0,0,0,0,0,0,0,0,0,0,0,0,0,,,,
1430777856.84555,pg_catalog,pg_ts_dict,3,48,0,0,0,0,0,0,16,0,2,2,0,0,,,,
1430777856.84555,pg_catalog,pg_index,119,6711,4422,5278,27,0,17,0,123,17,13,4738,12,4761,,,,
1430777856.84555,public,item,4,400000,3430739,3427494,100000,0,0,0,100000,0,3845,3434015,276,6877375,,,,
1430777856.84555,pg_catalog,pg_tablespace,141,282,5491,5491,0,0,0,0,2,0,159,5496,305,10741,,,,
1430777856.84555,pg_toast,pg_toast_2619,0,0,4006,12059,571,0,510,0,72,112,61,7419,4,4656,,,,
1430777856.84555,pg_catalog,pg_constraint,5,50,8,0,8,0,0,0,10,0,6,33,8,64,0,0,0,0
1430777856.84555,pg_toast,pg_toast_2618,0,0,112,353,0,0,0,0,0,0,51,103,4,141,,,,
1430777856.84555,pg_catalog,pg_cast,3,594,6083,1327,0,0,0,0,198,0,6,1329,6,6186,,,,
1430777856.84555,pg_catalog,pg_ts_config,3,48,0,0,0,0,0,0,16,0,2,2,0,0,,,,
1430777856.84555,pg_catalog,pg_ts_parser,3,3,0,0,0,0,0,0,1,0,2,2,0,0,,,,
1430777856.84555,pg_toast,pg_toast_2620,0,0,0,0,0,0,0,0,0,0,0,0,0,0,,,,
1430777856.84555,pg_toast,pg_toast_2396,0,0,0,0,0,0,0,0,0,0,0,0,0,0,,,,
1430777856.84555,public,new_order,4,72000,581140,554906,344527,0,262810,0,78502,16743,786,3613897,969,4362898,,,,
1430777856.84555,pg_catalog,pg_largeobject,2,0,0,0,0,0,0,0,0,0,0,0,0,0,,,,
1430777856.84555,pg_catalog,pg_enum,4,0,0,0,0,0,0,0,0,0,0,0,0,0,,,,
1430777856.84555,pg_catalog,pg_foreign_table,2,0,0,0,0,0,0,0,0,0,0,0,0,0,,,,
1430777856.84555,pg_catalog,pg_collation,3,1806,0,0,0,0,0,0,602,0,38,38,0,0,,,,
1430777856.84555,pg_catalog,pg_am,171,183,0,0,0,0,0,0,5,0,3,169,0,0,,,,
1430777856.84555,pg_catalog,pg_proc,3,8073,1815,2468,6,0,0,0,2691,0,168,2233,38,3852,0,0,0,0
1430777856.84555,pg_catalog,pg_shdepend,69,69,7822,1956,0,0,0,0,1,0,47,2001,188,8142,,,,
1430777856.84555,pg_catalog,pg_language,4,16,10,10,0,0,0,0,4,0,2,13,4,18,,,,
1430777856.84555,public,district,68771,1284420,1281969,1281969,20,638761,0,635940,20,354,145,10229213,2,1284983,,,,
1430777856.84555,pg_catalog,pg_range,2,12,2,0,0,0,0,0,6,0,2,1,2,2,,,,
1430777856.84555,public,stock,4,800000,7764363,6896348,200000,3427492,0,0,199672,244712,59919,11595655,1553,33691215,,,,
1430777856.84555,pg_catalog,pg_attribute,103,8275,11616,50500,1401,20,1219,4,2491,0,193,19109,59,29159,,,,
1430777856.84555,pg_catalog,pg_database,2617,10071,79115,79067,24,0,23,0,4,0,120,81680,872,96259,,,,
1430777856.84555,public,warehouse,40877,61754,920122,920122,2,312234,0,305983,2,985,108,8462572,2,926583,,,,
1430777856.84555,pg_catalog,pg_conversion,4,528,0,0,0,0,0,0,132,0,6,9,0,0,,,,
1430777856.84555,pg_catalog,pg_type,3,1093,3105,2746,173,0,151,0,361,0,34,3147,25,6810,,,,
1430777856.84555,pg_catalog,pg_trigger,4,0,0,0,0,0,0,0,0,0,0,0,0,0,0,0,0,0
1430777856.84555,information_schema,sql_implementation_info,1,12,,,0,0,0,0,12,0,2,0,,,0,0,0,0
1430777856.84555,information_schema,sql_languages,1,4,,,0,0,0,0,4,0,2,0,,,0,0,0,0
1430777856.84555,pg_toast,pg_toast_12309,0,0,0,0,0,0,0,0,0,0,0,0,0,0,,,,
1430777856.84555,pg_toast,pg_toast_12334,0,0,0,0,0,0,0,0,0,0,0,0,0,0,,,,
1430777856.84555,pg_catalog,pg_amop,4,1744,1172,1451,0,0,0,0,436,0,12,1459,23,2527,,,,
1430777856.84555,pg_toast,pg_toast_1255,0,0,0,0,0,0,0,0,0,0,0,0,0,0,,,,
1430777856.84555,pg_toast,pg_toast_12314,0,0,0,0,0,0,0,0,0,0,0,0,0,0,,,,
1430777856.84555,pg_toast,pg_toast_12324,0,0,0,0,0,0,0,0,0,0,0,0,0,0,,,,
1430777856.84555,public,customer,6,360000,1475661,3650781,60000,602804,0,567951,59997,8528,33291,4713787,836,4667906,,,,
1430777856.84555,pg_catalog,pg_amproc,21,1068,727,1048,0,0,0,0,344,0,9,743,9,1602,,,,
1430777856.84555,pg_toast,pg_toast_2964,0,0,0,0,0,0,0,0,0,0,0,0,0,0,,,,
1430777856.84555,pg_catalog,pg_ts_template,3,15,0,0,0,0,0,0,5,0,2,2,0,0,,,,
1430777856.84555,public,orders,6,360000,610157,931283,386527,290570,0,228201,383404,26262,4360,1743125,4631,4185819,,,,
1430777856.84555,pg_catalog,pg_db_role_setting,69,0,35980,0,0,0,0,0,0,0,0,0,208,35772,0,0,0,0
1430777856.84555,pg_toast,pg_toast_2609,0,0,0,0,0,0,0,0,0,0,0,0,0,0,,,,
1430777856.84555,information_schema,sql_parts,1,9,,,0,0,0,0,9,0,2,0,,,0,0,0,0
1430777856.84555,pg_catalog,pg_class,237,30956,16347,14846,122,324,101,68,316,0,33,17936,34,24268,,,,
1430777856.84555,pg_catalog,pg_seclabel,2,0,252,0,0,0,0,0,0,0,0,0,2,250,0,0,0,0
1430777856.84555,pg_catalog,pg_ts_config_map,2,608,0,0,0,0,0,0,304,0,4,2,0,0,,,,
1430777856.84555,information_schema,sql_sizing,1,23,,,0,0,0,0,23,0,2,0,,,0,0,0,0
1430777856.84555,pg_toast,pg_toast_12339,0,0,0,0,0,0,0,0,0,0,0,0,0,0,,,,
1430777856.84555,information_schema,sql_packages,1,10,,,0,0,0,0,10,0,2,0,,,0,0,0,0
1430777856.84555,pg_toast,pg_toast_2606,0,0,0,0,0,0,0,0,0,0,0,0,0,0,,,,
1430777856.84555,pg_catalog,pg_pltemplate,46,368,0,0,0,0,0,0,8,0,46,23,0,0,,,,
1430777856.84555,pg_catalog,pg_auth_members,69,0,0,0,0,0,0,0,0,0,0,0,0,0,,,,
1430777856.84555,pg_catalog,pg_depend,3,20120,2731,2507,348,0,256,0,6672,256,103,3172,39,6884,,,,
1430777856.84555,pg_toast,pg_toast_2604,0,0,0,0,0,0,0,0,0,0,0,0,0,0,,,,
1430777856.84555,pg_catalog,pg_shseclabel,46,0,23,0,0,0,0,0,0,0,0,0,23,0,,,,
1430777856.84555,information_schema,sql_features,1,672,,,0,0,0,0,672,0,14,0,,,0,0,0,0
1430777856.84555,pg_toast,pg_toast_12319,0,0,0,0,0,0,0,0,0,0,0,0,0,0,,,,
1430777856.84555,pg_catalog,pg_description,2,7372,252,0,0,0,0,0,3686,0,64,32,6,501,0,0,0,0
1430777856.84555,pg_catalog,pg_namespace,25,150,1635,1492,0,0,0,0,6,0,3,1515,12,1810,,,,
1430777856.84555,public,order_line,4,2274320,639385,7271401,3996072,3034043,0,1861088,3949204,93807,106743,13004468,29123,15887437,,,,
1430777856.84555,information_schema,sql_sizing_profiles,1,0,,,0,0,0,0,0,0,0,0,,,0,0,0,0
1430777856.84555,pg_catalog,pg_foreign_server,3,0,0,0,0,0,0,0,0,0,0,0,0,0,,,,
1430777916.7467,pg_catalog,pg_operator,3,2295,1073,5543,0,0,0,0,765,0,42,3950,20,2349,,,,
1430777916.7467,pg_catalog,pg_extension,3,3,0,0,0,0,0,0,1,0,2,2,0,0,,,,
1430777916.7467,pg_catalog,pg_authid,671,671,14440,14440,0,0,0,0,1,0,203,14931,680,28200,,,,
1430777916.7467,public,history,1,60000,,,407797,0,0,0,407710,0,10465,371978,,,,,,
1430777916.7467,pg_catalog,pg_statistic,2,798,17778,17533,92,1251,0,711,491,166,104,20514,13,37004,61,8186,4,5083
1430777916.7467,pg_catalog,pg_opfamily,3,258,0,0,0,0,0,0,86,0,4,4,0,0,,,,
1430777916.7467,pg_catalog,pg_shdescription,50,147,23,0,0,0,0,0,3,0,47,26,47,0,0,0,0,0
1430777916.7467,pg_catalog,pg_event_trigger,3,0,27,0,0,0,0,0,0,0,0,0,2,25,,,,
1430777916.7467,pg_catalog,pg_user_mapping,3,0,0,0,0,0,0,0,0,0,0,0,0,0,,,,
1430777916.7467,pg_catalog,pg_inherits,3,0,84,0,0,0,0,0,0,0,0,0,2,82,,,,
1430777916.7467,pg_toast,pg_toast_3596,0,0,0,0,0,0,0,0,0,0,0,0,0,0,,,,
1430777916.7467,pg_catalog,pg_rewrite,3,327,79,79,0,0,0,0,109,0,27,96,4,132,51,110,8,298
1430777916.7467,pg_catalog,pg_foreign_data_wrapper,3,0,0,0,0,0,0,0,0,0,0,0,0,0,,,,
1430777916.7467,pg_catalog,pg_largeobject_metadata,2,0,0,0,0,0,0,0,0,0,0,0,0,0,,,,
1430777916.7467,pg_catalog,pg_opclass,21,402,997,13400,0,0,0,0,128,0,9,4830,12,1226,,,,
1430777916.7467,pg_catalog,pg_attrdef,3,0,0,0,0,0,0,0,0,0,0,0,0,0,0,0,0,0
1430777916.7467,pg_catalog,pg_default_acl,3,0,59,0,0,0,0,0,0,0,0,0,2,57,,,,
1430777916.7467,pg_catalog,pg_aggregate,2,266,53,53,0,0,0,0,133,0,5,54,4,82,,,,
1430777916.7467,pg_toast,pg_toast_12329,0,0,0,0,0,0,0,0,0,0,0,0,0,0,,,,
1430777916.7467,pg_catalog,pg_ts_dict,3,48,0,0,0,0,0,0,16,0,2,2,0,0,,,,
1430777916.7467,pg_catalog,pg_index,124,7326,4674,5582,27,0,17,0,123,17,13,5004,12,5022,,,,
1430777916.7467,public,item,4,400000,3818312,3814700,100000,0,0,0,100000,0,3845,3821221,276,7654447,,,,
1430777916.7467,pg_catalog,pg_tablespace,141,282,5496,5496,0,0,0,0,2,0,159,5501,305,10751,,,,
1430777916.7467,pg_toast,pg_toast_2619,0,0,4377,13207,625,0,564,0,70,54,61,8186,4,5083,,,,
1430777916.7467,pg_catalog,pg_constraint,5,50,8,0,8,0,0,0,10,0,6,33,8,64,0,0,0,0
1430777916.7467,pg_toast,pg_toast_2618,0,0,117,369,0,0,0,0,0,0,51,110,4,149,,,,
1430777916.7467,pg_catalog,pg_cast,3,594,6237,1369,0,0,0,0,198,0,6,1371,6,6345,,,,
1430777916.7467,pg_catalog,pg_ts_config,3,48,0,0,0,0,0,0,16,0,2,2,0,0,,,,
1430777916.7467,pg_catalog,pg_ts_parser,3,3,0,0,0,0,0,0,1,0,2,2,0,0,,,,
1430777916.7467,pg_toast,pg_toast_2620,0,0,0,0,0,0,0,0,0,0,0,0,0,0,,,,
1430777916.7467,pg_toast,pg_toast_2396,0,0,0,0,0,0,0,0,0,0,0,0,0,0,,,,
1430777916.7467,public,new_order,4,72000,647480,618076,381487,0,292690,0,85213,16760,806,3908492,1006,4890003,,,,
1430777916.7467,pg_catalog,pg_largeobject,2,0,0,0,0,0,0,0,0,0,0,0,0,0,,,,
1430777916.7467,pg_catalog,pg_enum,4,0,0,0,0,0,0,0,0,0,0,0,0,0,,,,
1430777916.7467,pg_catalog,pg_foreign_table,2,0,0,0,0,0,0,0,0,0,0,0,0,0,,,,
1430777916.7467,pg_catalog,pg_collation,3,1806,0,0,0,0,0,0,602,0,38,38,0,0,,,,
1430777916.7467,pg_catalog,pg_am,175,187,0,0,0,0,0,0,5,0,3,173,0,0,,,,
1430777916.7467,pg_catalog,pg_proc,3,8073,1887,2568,6,0,0,0,2691,0,168,2317,38,4004,0,0,0,0
1430777916.7467,pg_catalog,pg_shdepend,69,69,7822,1956,0,0,0,0,1,0,47,2001,188,8142,,,,
1430777916.7467,pg_catalog,pg_language,4,16,10,10,0,0,0,0,4,0,2,13,4,18,,,,
1430777916.7467,public,district,68771,1284420,1434747,1434747,20,711284,0,708347,20,207,145,11052135,2,1437878,,,,
1430777916.7467,pg_catalog,pg_range,2,12,2,0,0,0,0,0,6,0,2,1,2,2,,,,
1430777916.7467,public,stock,4,800000,8645202,7675286,200000,3814698,0,0,199763,254533,59929,12834893,1553,37508705,,,,
1430777916.7467,pg_catalog,pg_attribute,103,8275,12250,53734,1401,20,1219,4,2491,0,193,20013,59,30433,,,,
1430777916.7467,pg_catalog,pg_database,2620,10083,79163,79115,24,0,23,0,4,0,120,81731,872,96321,,,,
1430777916.7467,public,warehouse,40877,61754,1028208,1028208,2,347797,0,340839,2,992,108,9258801,2,1035397,,,,
1430777916.7467,pg_catalog,pg_conversion,4,528,0,0,0,0,0,0,132,0,6,9,0,0,,,,
1430777916.7467,pg_catalog,pg_type,3,1093,3184,2825,173,0,151,0,361,0,34,3226,25,6973,,,,
1430777916.7467,pg_catalog,pg_trigger,4,0,0,0,0,0,0,0,0,0,0,0,0,0,0,0,0,0
1430777916.7467,information_schema,sql_implementation_info,1,12,,,0,0,0,0,12,0,2,0,,,0,0,0,0
1430777916.7467,information_schema,sql_languages,1,4,,,0,0,0,0,4,0,2,0,,,0,0,0,0
1430777916.7467,pg_toast,pg_toast_12309,0,0,0,0,0,0,0,0,0,0,0,0,0,0,,,,
1430777916.7467,pg_toast,pg_toast_12334,0,0,0,0,0,0,0,0,0,0,0,0,0,0,,,,
1430777916.7467,pg_catalog,pg_amop,4,1744,1219,1505,0,0,0,0,436,0,12,1513,23,2629,,,,
1430777916.7467,pg_toast,pg_toast_1255,0,0,0,0,0,0,0,0,0,0,0,0,0,0,,,,
1430777916.7467,pg_toast,pg_toast_12314,0,0,0,0,0,0,0,0,0,0,0,0,0,0,,,,
1430777916.7467,pg_toast,pg_toast_12324,0,0,0,0,0,0,0,0,0,0,0,0,0,0,,,,
1430777916.7467,public,customer,6,360000,1643321,4078007,60000,671537,0,634561,60011,10595,33291,5249858,838,5187106,,,,
1430777916.7467,pg_catalog,pg_amproc,21,1068,750,1077,0,0,0,0,344,0,9,763,9,1652,,,,
1430777916.7467,pg_toast,pg_toast_2964,0,0,0,0,0,0,0,0,0,0,0,0,0,0,,,,
1430777916.7467,pg_catalog,pg_ts_template,3,15,0,0,0,0,0,0,5,0,2,2,0,0,,,,
1430777916.7467,public,orders,6,360000,679738,1077798,423487,323740,0,256197,419961,32197,4688,1977507,5096,4649848,,,,
1430777916.7467,pg_catalog,pg_db_role_setting,69,0,36008,0,0,0,0,0,0,0,0,0,208,35800,0,0,0,0
1430777916.7467,pg_toast,pg_toast_2609,0,0,0,0,0,0,0,0,0,0,0,0,0,0,,,,
1430777916.7467,information_schema,sql_parts,1,9,,,0,0,0,0,9,0,2,0,,,0,0,0,0
1430777916.7467,pg_catalog,pg_class,246,33501,17475,15851,122,324,101,68,316,0,33,19034,34,25629,,,,
1430777916.7467,pg_catalog,pg_seclabel,2,0,252,0,0,0,0,0,0,0,0,0,2,250,0,0,0,0
1430777916.7467,pg_catalog,pg_ts_config_map,2,608,0,0,0,0,0,0,304,0,4,2,0,0,,,,
1430777916.7467,information_schema,sql_sizing,1,23,,,0,0,0,0,23,0,2,0,,,0,0,0,0
1430777916.7467,pg_toast,pg_toast_12339,0,0,0,0,0,0,0,0,0,0,0,0,0,0,,,,
1430777916.7467,information_schema,sql_packages,1,10,,,0,0,0,0,10,0,2,0,,,0,0,0,0
1430777916.7467,pg_toast,pg_toast_2606,0,0,0,0,0,0,0,0,0,0,0,0,0,0,,,,
1430777916.7467,pg_catalog,pg_pltemplate,46,368,0,0,0,0,0,0,8,0,46,23,0,0,,,,
1430777916.7467,pg_catalog,pg_auth_members,69,0,0,0,0,0,0,0,0,0,0,0,0,0,,,,
1430777916.7467,pg_catalog,pg_depend,3,20120,2731,2507,348,0,256,0,6672,256,103,3172,39,6884,,,,
1430777916.7467,pg_toast,pg_toast_2604,0,0,0,0,0,0,0,0,0,0,0,0,0,0,,,,
1430777916.7467,pg_catalog,pg_shseclabel,46,0,23,0,0,0,0,0,0,0,0,0,23,0,,,,
1430777916.7467,information_schema,sql_features,1,672,,,0,0,0,0,672,0,14,0,,,0,0,0,0
1430777916.7467,pg_toast,pg_toast_12319,0,0,0,0,0,0,0,0,0,0,0,0,0,0,,,,
1430777916.7467,pg_catalog,pg_description,2,7372,252,0,0,0,0,0,3686,0,64,32,6,501,0,0,0,0
1430777916.7467,pg_catalog,pg_namespace,27,162,1772,1625,0,0,0,0,6,0,3,1650,12,1954,,,,
1430777916.7467,public,order_line,4,2274320,712172,8106307,4383278,3381678,0,2106008,4332904,242437,108361,14330386,31955,17588030,,,,
1430777916.7467,information_schema,sql_sizing_profiles,1,0,,,0,0,0,0,0,0,0,0,,,0,0,0,0
1430777916.7467,pg_catalog,pg_foreign_server,3,0,0,0,0,0,0,0,0,0,0,0,0,0,,,,
1430777976.7399,pg_catalog,pg_operator,0,0,2,2,0,0,0,0,0,0,1,1,6,0,,,,
1430777976.7399,pg_catalog,pg_extension,0,0,0,0,0,0,0,0,0,0,0,0,0,0,,,,
1430777976.7399,pg_catalog,pg_authid,672,672,14450,14450,0,0,0,0,1,0,203,14942,680,28220,,,,
1430777976.7399,pg_catalog,pg_statistic,0,0,1,1,0,0,0,0,0,0,1,0,3,0,0,0,0,0
1430777976.7399,pg_catalog,pg_opfamily,0,0,0,0,0,0,0,0,0,0,0,0,0,0,,,,
1430777976.7399,public,customer,0,0,,,0,0,0,0,0,0,0,0,,,,,,
1430777976.7399,pg_catalog,pg_shdescription,50,147,23,0,0,0,0,0,3,0,47,26,47,0,0,0,0,0
1430777976.7399,pg_catalog,pg_event_trigger,0,0,9,0,0,0,0,0,0,0,0,0,1,8,,,,
1430777976.7399,pg_catalog,pg_user_mapping,0,0,0,0,0,0,0,0,0,0,0,0,0,0,,,,
1430777976.7399,public,order_line,0,0,,,0,0,0,0,0,0,0,0,,,,,,
1430777976.7399,pg_catalog,pg_inherits,0,0,0,0,0,0,0,0,0,0,0,0,0,0,,,,
1430777976.7399,pg_toast,pg_toast_3596,0,0,0,0,0,0,0,0,0,0,0,0,0,0,,,,
1430777976.7399,pg_catalog,pg_rewrite,0,0,0,0,0,0,0,0,0,0,0,0,0,0,0,0,0,0
1430777976.7399,public,district,0,0,,,0,0,0,0,0,0,0,0,,,,,,
1430777976.7399,pg_catalog,pg_foreign_data_wrapper,0,0,0,0,0,0,0,0,0,0,0,0,0,0,,,,
1430777976.7399,pg_catalog,pg_largeobject_metadata,0,0,0,0,0,0,0,0,0,0,0,0,0,0,,,,
1430777976.7399,pg_catalog,pg_opclass,2,2,28,28,0,0,0,0,0,0,1,29,2,41,,,,
1430777976.7399,pg_catalog,pg_attrdef,0,0,0,0,0,0,0,0,0,0,0,0,0,0,0,0,0,0
1430777976.7399,pg_catalog,pg_default_acl,0,0,36,0,0,0,0,0,0,0,0,0,1,35,,,,
1430777976.7399,pg_catalog,pg_aggregate,0,0,0,0,0,0,0,0,0,0,0,0,0,0,,,,
1430777976.7399,pg_toast,pg_toast_12329,0,0,0,0,0,0,0,0,0,0,0,0,0,0,,,,
1430777976.7399,pg_catalog,pg_ts_dict,0,0,0,0,0,0,0,0,0,0,0,0,0,0,,,,
1430777976.7399,pg_catalog,pg_index,7,7,146,192,0,0,0,0,0,0,3,163,4,167,,,,
1430777976.7399,public,new_order,0,0,,,0,0,0,0,0,0,0,0,,,,,,
1430777976.7399,pg_catalog,pg_tablespace,141,282,5501,5501,0,0,0,0,2,0,159,5506,305,10761,,,,
1430777976.7399,pg_toast,pg_toast_2619,0,0,0,0,0,0,0,0,0,0,0,0,0,0,,,,
1430777976.7399,pg_catalog,pg_constraint,0,0,0,0,0,0,0,0,0,0,0,0,0,0,0,0,0,0
1430777976.7399,pg_toast,pg_toast_2618,0,0,0,0,0,0,0,0,0,0,0,0,0,0,,,,
1430777976.7399,pg_catalog,pg_cast,0,0,0,0,0,0,0,0,0,0,0,0,0,0,,,,
1430777976.7399,pg_catalog,pg_ts_config,0,0,0,0,0,0,0,0,0,0,0,0,0,0,,,,
1430777976.7399,pg_catalog,pg_ts_parser,0,0,0,0,0,0,0,0,0,0,0,0,0,0,,,,
1430777976.7399,pg_toast,pg_toast_2620,0,0,0,0,0,0,0,0,0,0,0,0,0,0,,,,
1430777976.7399,pg_toast,pg_toast_2396,0,0,0,0,0,0,0,0,0,0,0,0,0,0,,,,
1430777976.7399,pg_catalog,pg_largeobject,0,0,0,0,0,0,0,0,0,0,0,0,0,0,,,,
1430777976.7399,public,warehouse,0,0,,,4,0,0,0,4,0,1,0,,,,,,
1430777976.7399,pg_catalog,pg_enum,0,0,0,0,0,0,0,0,0,0,0,0,0,0,,,,
1430777976.7399,pg_catalog,pg_foreign_table,0,0,0,0,0,0,0,0,0,0,0,0,0,0,,,,
1430777976.7399,pg_catalog,pg_collation,0,0,0,0,0,0,0,0,0,0,0,0,0,0,,,,
1430777976.7399,public,orders,0,0,,,0,0,0,0,0,0,0,0,,,,,,
1430777976.7399,pg_catalog,pg_am,15,15,0,0,0,0,0,0,0,0,1,14,0,0,,,,
1430777976.7399,pg_catalog,pg_proc,0,0,1,1,0,0,0,0,0,0,1,0,3,0,0,0,0,0
1430777976.7399,pg_catalog,pg_shdepend,69,69,7822,1956,0,0,0,0,1,0,47,2001,188,8142,,,,
1430777976.7399,pg_catalog,pg_language,1,4,0,0,0,0,0,0,0,0,1,0,2,0,,,,
1430777976.7399,pg_catalog,pg_range,0,0,0,0,0,0,0,0,0,0,0,0,0,0,,,,
1430777976.7399,pg_catalog,pg_attribute,11,75,180,684,146,0,0,0,146,0,25,468,9,960,,,,
1430777976.7399,public,stock,0,0,,,0,0,0,0,0,0,0,0,,,,,,
1430777976.7399,pg_catalog,pg_database,2622,10091,79206,79158,24,0,23,0,4,0,120,81776,872,96376,,,,
1430777976.7399,pg_catalog,pg_conversion,0,0,0,0,0,0,0,0,0,0,0,0,0,0,,,,
1430777976.7399,pg_catalog,pg_type,0,0,117,81,18,0,0,0,18,0,8,128,8,319,,,,
1430777976.7399,pg_catalog,pg_trigger,0,0,0,0,0,0,0,0,0,0,0,0,0,0,0,0,0,0
1430777976.7399,information_schema,sql_implementation_info,0,0,,,0,0,0,0,0,0,0,0,,,0,0,0,0
1430777976.7399,information_schema,sql_languages,0,0,,,0,0,0,0,0,0,0,0,,,0,0,0,0
1430777976.7399,pg_toast,pg_toast_12309,0,0,0,0,0,0,0,0,0,0,0,0,0,0,,,,
1430777976.7399,pg_toast,pg_toast_12334,0,0,0,0,0,0,0,0,0,0,0,0,0,0,,,,
1430777976.7399,public,item,0,0,,,100000,0,0,0,100000,0,1283,2678,,,,,,
1430777976.7399,pg_catalog,pg_amop,0,0,2,3,0,0,0,0,0,0,2,1,6,0,,,,
1430777976.7399,pg_toast,pg_toast_1255,0,0,0,0,0,0,0,0,0,0,0,0,0,0,,,,
1430777976.7399,pg_toast,pg_toast_12314,0,0,0,0,0,0,0,0,0,0,0,0,0,0,,,,
1430777976.7399,pg_toast,pg_toast_12324,0,0,0,0,0,0,0,0,0,0,0,0,0,0,,,,
1430777976.7399,pg_catalog,pg_amproc,2,4,28,53,0,0,0,0,0,0,3,31,3,68,,,,
1430777976.7399,pg_toast,pg_toast_2964,0,0,0,0,0,0,0,0,0,0,0,0,0,0,,,,
1430777976.7399,pg_catalog,pg_ts_template,0,0,0,0,0,0,0,0,0,0,0,0,0,0,,,,
1430777976.7399,pg_catalog,pg_db_role_setting,69,0,36032,0,0,0,0,0,0,0,0,0,208,35824,0,0,0,0
1430777976.7399,pg_toast,pg_toast_2609,0,0,0,0,0,0,0,0,0,0,0,0,0,0,,,,
1430777976.7399,information_schema,sql_parts,0,0,,,0,0,0,0,0,0,0,0,,,0,0,0,0
1430777976.7399,pg_catalog,pg_class,11,11,208,188,9,0,0,0,9,0,12,251,13,493,,,,
1430777976.7399,pg_catalog,pg_seclabel,0,0,0,0,0,0,0,0,0,0,0,0,0,0,0,0,0,0
1430777976.7399,public,history,0,0,,,0,0,0,0,0,0,0,0,,,,,,
1430777976.7399,pg_catalog,pg_ts_config_map,0,0,0,0,0,0,0,0,0,0,0,0,0,0,,,,
1430777976.7399,information_schema,sql_sizing,0,0,,,0,0,0,0,0,0,0,0,,,0,0,0,0
1430777976.7399,pg_toast,pg_toast_12339,0,0,0,0,0,0,0,0,0,0,0,0,0,0,,,,
1430777976.7399,information_schema,sql_packages,0,0,,,0,0,0,0,0,0,0,0,,,0,0,0,0
1430777976.7399,pg_toast,pg_toast_2606,0,0,0,0,0,0,0,0,0,0,0,0,0,0,,,,
1430777976.7399,pg_catalog,pg_pltemplate,46,368,0,0,0,0,0,0,8,0,46,23,0,0,,,,
1430777976.7399,pg_catalog,pg_auth_members,69,0,0,0,0,0,0,0,0,0,0,0,0,0,,,,
1430777976.7399,pg_catalog,pg_depend,0,0,200,181,27,0,0,0,27,0,8,227,13,513,,,,
1430777976.7399,pg_toast,pg_toast_2604,0,0,0,0,0,0,0,0,0,0,0,0,0,0,,,,
1430777976.7399,pg_catalog,pg_shseclabel,46,0,23,0,0,0,0,0,0,0,0,0,23,0,,,,
1430777976.7399,information_schema,sql_features,0,0,,,0,0,0,0,0,0,0,0,,,0,0,0,0
1430777976.7399,pg_toast,pg_toast_12319,0,0,0,0,0,0,0,0,0,0,0,0,0,0,,,,
1430777976.7399,pg_catalog,pg_description,0,0,0,0,0,0,0,0,0,0,0,0,0,0,0,0,0,0
1430777976.7399,pg_catalog,pg_namespace,0,0,43,31,0,0,0,0,0,0,1,30,4,60,,,,
1430777976.7399,information_schema,sql_sizing_profiles,0,0,,,0,0,0,0,0,0,0,0,,,0,0,0,0
1430777976.7399,pg_catalog,pg_foreign_server,0,0,0,0,0,0,0,0,0,0,0,0,0,0,,,,
